absorb_at_checkpoints,alignment_nm,curve_rmse_pp,dt_us,id,jitter_nm,joint_rmse_pp,manual,ml_endpoints,ml_vector,model,no_aod_disorder,noise_us,pointing,recoil,rin,seed,shots,slm_pointing,slm_rin,temperature,vs,waist_um
,50.0,"[18.949282600261146, 29.216868690536423, 20.396166179808255, 15.205903939072]",0.025,aod_T10_R0,10.0,21.56341714909332,paper_cubic,,True,diffusion,,0.05,1e-24,,0,26091611,256,0,0,10,0,
,50.0,"[11.106779870797887, 15.365717085289981, 2.7309105691302222, 1.8330425582219094]",0.025,aod_T10_R1e-08,10.0,9.621379035777219,paper_cubic,,True,diffusion,,0.05,1e-24,,1e-08,26091611,256,0,0,10,0,
,50.0,"[16.596049237545476, 28.743950227824445, 19.63797624499192, 14.811632272027978]",0.025,aod_T10_R1e-09,10.0,20.655980287530113,paper_cubic,,True,diffusion,,0.05,1e-24,,1e-09,26091611,256,0,0,10,0,
,50.0,"[13.489318986475629, 26.249909690342626, 17.426602228661455, 13.04979646804659]",0.025,aod_T10_R3e-09,10.0,18.33714221575615,paper_cubic,,True,diffusion,,0.05,1e-24,,3e-09,26091611,256,0,0,10,0,
,50.0,"[13.050499748697982, 21.57920899288419, 10.365398493972796, 10.691853165695427]",0.025,aod_T10_R6e-09,10.0,14.643556727320254,paper_cubic,,True,diffusion,,0.05,1e-24,,6e-09,26091611,256,0,0,10,0,
,50.0,"[7.4467189310605075, 25.37560419427444, 19.043029347954466, 13.584633493020876]",0.025,aod_T15_R0,10.0,17.653286839491486,paper_cubic,,True,diffusion,,0.05,1e-24,,0,26091611,256,0,0,15,0,
,50.0,"[3.918036826970766, 5.249638953285672, 9.134885510008017, 6.020402617980001]",0.025,aod_T15_R1e-08,10.0,6.375756870381906,paper_cubic,,True,diffusion,,0.05,1e-24,,1e-08,26091611,256,0,0,15,0,
,50.0,"[8.389296256894841, 24.11148901606732, 17.825832472044986, 12.46435524387723]",0.025,aod_T15_R1e-09,10.0,16.769500955789262,paper_cubic,,True,diffusion,,0.05,1e-24,,1e-09,26091611,256,0,0,15,0,
,50.0,"[4.817764519805934, 19.216883405911513, 11.348084397051444, 8.51558391325742]",0.025,aod_T15_R3e-09,10.0,12.18394077947514,paper_cubic,,True,diffusion,,0.05,1e-24,,3e-09,26091611,256,0,0,15,0,
,50.0,"[3.7733387670099026, 14.679729777993971, 4.325012541878161, 4.166649788053359]",0.025,aod_T15_R6e-09,10.0,8.151675529442263,paper_cubic,,True,diffusion,,0.05,1e-24,,6e-09,26091611,256,0,0,15,0,
,50.0,"[6.38209704776444, 18.484860610616934, 13.895678760848423, 8.848963766492576]",0.025,aod_T21_R0,10.0,12.784905968430248,paper_cubic,,True,diffusion,,0.05,1e-24,,0,26091611,256,0,0,21,0,
,50.0,"[8.833972921742149, 4.267742248863619, 12.153485981722355, 12.12908336818238]",0.025,aod_T21_R1e-08,10.0,9.887802920075941,paper_cubic,,True,diffusion,,0.05,1e-24,,1e-08,26091611,256,0,0,21,0,
,50.0,"[5.810985338115978, 16.63792409658829, 12.596806481092862, 7.337565869121525]",0.025,aod_T21_R1e-09,10.0,11.43577145680859,paper_cubic,,True,diffusion,,0.05,1e-24,,1e-09,26091611,256,0,0,21,0,
,50.0,"[8.093940758423653, 13.420678954674194, 6.686390422040163, 4.945419797660811]",0.025,aod_T21_R3e-09,10.0,8.871182199351342,paper_cubic,,True,diffusion,,0.05,1e-24,,3e-09,26091611,256,0,0,21,0,
,50.0,"[7.517368964118283, 7.223782088529916, 4.954846600320653, 4.176204592482151]",0.025,aod_T21_R6e-09,10.0,6.137692022173981,paper_cubic,,True,diffusion,,0.05,1e-24,,6e-09,26091611,256,0,0,21,0,
,50.0,"[14.710388579923903, 13.735532071707057, 10.935590958158967, 6.687066501376776]",0.025,aod_T28_R0,10.0,11.93067874707106,paper_cubic,,True,diffusion,,0.05,1e-24,,0,26091611,256,0,0,28,0,
,50.0,"[19.880834259671744, 11.109871215612092, 18.3257887681854, 21.58749168609636]",0.025,aod_T28_R1e-08,10.0,18.169556547708133,paper_cubic,,True,diffusion,,0.05,1e-24,,1e-08,26091611,256,0,0,28,0,
,50.0,"[16.322433975178345, 11.385314014235403, 8.212089942248731, 5.417239038418121]",0.025,aod_T28_R1e-09,10.0,11.099911329552882,paper_cubic,,True,diffusion,,0.05,1e-24,,1e-09,26091611,256,0,0,28,0,
,50.0,"[16.93589465270303, 6.157616055551498, 6.795576105105998, 6.638769780327573]",0.025,aod_T28_R3e-09,10.0,10.185699312903347,paper_cubic,,True,diffusion,,0.05,1e-24,,3e-09,26091611,256,0,0,28,0,
,50.0,"[16.357480611101234, 5.461959889901174, 12.98087562873335, 11.91015854839029]",0.025,aod_T28_R6e-09,10.0,12.326345631592112,paper_cubic,,True,diffusion,,0.05,1e-24,,6e-09,26091611,256,0,0,28,0,
,50.0,"[28.093695880483843, 30.1541272803566, 20.64573332333078, 15.205903939072]",0.025,aod_T4.3_R0,10.0,24.269285935763733,paper_cubic,,True,diffusion,,0.05,1e-24,,0,26091611,256,0,0,4.3,0,
,50.0,"[27.437878530531144, 22.574581015100595, 8.061743615740253, 7.475714650689602]",0.025,aod_T4.3_R1e-08,10.0,18.5965514674629,paper_cubic,,True,diffusion,,0.05,1e-24,,1e-08,26091611,256,0,0,4.3,0,
,50.0,"[27.219627530314895, 30.34780827442289, 20.64573332333078, 15.205903939072]",0.025,aod_T4.3_R1e-09,10.0,24.079884805645268,paper_cubic,,True,diffusion,,0.05,1e-24,,1e-09,26091611,256,0,0,4.3,0,
,50.0,"[27.935007967383445, 29.697187367568517, 19.889523637518323, 14.948824496175847]",0.025,aod_T4.3_R3e-09,10.0,23.881730004477873,paper_cubic,,True,diffusion,,0.05,1e-24,,3e-09,26091611,256,0,0,4.3,0,
,50.0,"[26.850344858287396, 27.613713067797825, 16.56659253343745, 14.075495995221294]",0.025,aod_T4.3_R6e-09,10.0,22.113512521081226,paper_cubic,,True,diffusion,,0.05,1e-24,,6e-09,26091611,256,0,0,4.3,0,
,50.0,"[24.03920113095028, 29.676577271499255, 20.64573332333078, 15.205903939072]",0.025,aod_T7_R0,10.0,23.000262219309175,paper_cubic,,True,diffusion,,0.05,1e-24,,0,26091611,256,0,0,7,0,
,50.0,"[19.176646272488355, 17.74962642515475, 5.59908993692478, 8.173459532093199]",0.025,aod_T7_R1e-08,10.0,13.972725658736298,paper_cubic,,True,diffusion,,0.05,1e-24,,1e-08,26091611,256,0,0,7,0,
,50.0,"[24.12095393789766, 29.447804093822516, 20.412359256158837, 15.119687279522493]",0.025,aod_T7_R1e-09,10.0,22.881558833782382,paper_cubic,,True,diffusion,,0.05,1e-24,,1e-09,26091611,256,0,0,7,0,
,50.0,"[22.20014757080617, 28.33915801718387, 18.62577134296392, 14.275896680590872]",0.025,aod_T7_R3e-09,10.0,21.486478384345407,paper_cubic,,True,diffusion,,0.05,1e-24,,3e-09,26091611,256,0,0,7,0,
,50.0,"[18.943720996733283, 23.831563597258317, 11.767479297369734, 11.630232027980409]",0.025,aod_T7_R6e-09,10.0,17.32443256452378,paper_cubic,,True,diffusion,,0.05,1e-24,,6e-09,26091611,256,0,0,7,0,
,50.0,"[19.46865735528788, 6.544302120987533, 15.183357401296366, 12.774339792945492]",0.025,baseline_current,10.0,14.279133452257343,legacy_piecewise,,,legacy,,0.05,1e-24,,1e-08,26091611,1024,,,15.0,0.5391689206547424,
,50.0,"[20.675170435909216, 4.429997101986373, 6.178552586887668, 9.329973277804271]",0.025,coefficients_only,10.0,11.961505552301725,legacy_piecewise,,,corrected_constant,,0.05,1e-24,,1e-08,26091611,256,,,15.0,0.5391689206547424,
,50.0,"[8.630596564254969, 14.658268884289818, 11.892954538723094, 9.329973277804271]",0.025,corrected_both,10.0,11.378079943071949,paper_cubic,,,corrected_constant,,0.05,1e-24,,1e-08,26091611,256,,,15.0,0.5391689206547424,
,50.0,"[9.972262365116432, 2.4874875493114663, 17.895853983214998, 14.253191355037064]",0.025,diffusion_T15,10.0,12.540421290556317,paper_cubic,,,diffusion,,0.05,1e-24,,1e-08,26091611,256,,,15.0,0.5391689206547424,
,50.0,"[19.11096546688128, 6.431758929100652, 15.543673182505325, 13.05713123209507]",0.0125,formal_baseline,10.0,14.306388223579376,legacy_piecewise,,,legacy,,0.05,1e-24,,1e-08,26091621,4096,,,15.0,0.5391689206547424,
,50.0,"[5.720446875269441, 14.169093410118231, 11.664551648499613, 9.004196554597735]",0.0125,formal_corrected,10.0,10.613953566788632,paper_cubic,,True,corrected_constant,,0.05,1e-24,,1e-08,26091621,4096,,,15.0,0.5391689206547424,
,50.0,"[18.626987781823242, 29.07139863069508, 20.412359256158837, 15.205903939072]",0.025,grid_T10_R0,10.0,21.447580383202617,paper_cubic,,,diffusion,,0.05,1e-24,,0,26091611,256,,,10,0,
,50.0,"[8.35053848818299, 8.184741756913022, 10.7531396385919, 6.027505525035531]",0.025,grid_T10_R1e-08,10.0,8.49532703330736,paper_cubic,,,diffusion,,0.05,1e-24,,1e-08,26091611,256,,,10,0,
,50.0,"[15.97892340020036, 28.56411239175586, 19.826583680824196, 14.681087553786371]",0.025,grid_T10_R1e-09,10.0,20.493061398757607,paper_cubic,,,diffusion,,0.05,1e-24,,1e-09,26091611,256,,,10,0,
,50.0,"[15.006718651702533, 24.7662001916884, 15.413645082761185, 11.534945042006623]",0.025,grid_T10_R3e-09,10.0,17.386788723665912,paper_cubic,,,diffusion,,0.05,1e-24,,3e-09,26091611,256,,,10,0,
,50.0,"[10.539306743420742, 20.22299632652322, 3.830778519534318, 5.06588313989353]",0.025,grid_T10_R6e-09,10.0,11.836221980717374,paper_cubic,,,diffusion,,0.05,1e-24,,6e-09,26091611,256,,,10,0,
,50.0,"[7.717584181870587, 26.527088370556644, 18.960084683092788, 12.953305004910613]",0.025,grid_T15_R0,10.0,17.96190722587577,paper_cubic,,,diffusion,,0.05,1e-24,,0,26091611,256,,,15,0,
,50.0,"[3.5213204367392095, 3.9166932496190645, 17.69088174633593, 13.45500675162303]",0.025,grid_T15_R1e-08,10.0,11.420865633555014,paper_cubic,,,diffusion,,0.05,1e-24,,1e-08,26091611,256,,,15,0,
,50.0,"[6.597286880232129, 24.18460912251024, 16.048510609048762, 10.443687272861544]",0.025,grid_T15_R1e-09,10.0,15.772165428459479,paper_cubic,,,diffusion,,0.05,1e-24,,1e-09,26091611,256,,,15,0,
,50.0,"[7.298881313985555, 18.800096015328915, 10.330404166680001, 7.394442022798926]",0.025,grid_T15_R3e-09,10.0,11.91755324822096,paper_cubic,,,diffusion,,0.05,1e-24,,3e-09,26091611,256,,,15,0,
,50.0,"[1.8554591694646645, 10.108679867059719, 2.1462184776517663, 1.213280066638362]",0.025,grid_T15_R6e-09,10.0,5.284563360821895,paper_cubic,,,diffusion,,0.05,1e-24,,6e-09,26091611,256,,,15,0,
,50.0,"[5.194262954980145, 18.465534793867455, 13.62935575291526, 9.309791323032105]",0.025,grid_T21_R0,10.0,12.652943289872686,paper_cubic,,,diffusion,,0.05,1e-24,,0,26091611,256,,,21,0,
,50.0,"[13.402040564661203, 6.630522061492091, 20.509065348646086, 19.440611843050302]",0.025,grid_T21_R1e-08,10.0,15.985443881950392,paper_cubic,,,diffusion,,0.05,1e-24,,1e-08,26091611,256,,,21,0,
,50.0,"[5.720087327862313, 16.909494692239218, 10.912151571760319, 7.11174989572614]",0.025,grid_T21_R1e-09,10.0,11.048783284706843,paper_cubic,,,diffusion,,0.05,1e-24,,1e-09,26091611,256,,,21,0,
,50.0,"[5.71928637987171, 9.130181709671211, 3.3395405676667758, 3.419458327549643]",0.025,grid_T21_R3e-09,10.0,5.8931248333023944,paper_cubic,,,diffusion,,0.05,1e-24,,3e-09,26091611,256,,,21,0,
,50.0,"[9.483984232222415, 2.81687455549679, 10.36804496912682, 10.162865591035338]",0.025,grid_T21_R6e-09,10.0,8.78437437558496,paper_cubic,,,diffusion,,0.05,1e-24,,6e-09,26091611,256,,,21,0,
,50.0,"[15.43258241406636, 11.950544134046647, 9.824459893670245, 7.210072913062074]",0.025,grid_T28_R0,10.0,11.50527345047428,paper_cubic,,,diffusion,,0.05,1e-24,,0,26091611,256,,,28,0,
,50.0,"[18.9332596778417, 16.368662533643047, 28.430185215736426, 28.765835719776494]",0.025,grid_T28_R1e-08,10.0,23.78103325776197,paper_cubic,,,diffusion,,0.05,1e-24,,1e-08,26091611,256,,,28,0,
,50.0,"[15.140602892688207, 10.4917033707865, 7.26359288341865, 5.364029612738898]",0.025,grid_T28_R1e-09,10.0,10.257269261809416,paper_cubic,,,diffusion,,0.05,1e-24,,1e-09,26091611,256,,,28,0,
,50.0,"[17.937207277350836, 4.328913018725823, 7.450259478975554, 7.993922094151973]",0.025,grid_T28_R3e-09,10.0,10.72254691742799,paper_cubic,,,diffusion,,0.05,1e-24,,3e-09,26091611,256,,,28,0,
,50.0,"[18.692935815462462, 8.75787336145747, 16.725586592577905, 17.15701622203092]",0.025,grid_T28_R6e-09,10.0,15.813243245182024,paper_cubic,,,diffusion,,0.05,1e-24,,6e-09,26091611,256,,,28,0,
,50.0,"[27.242636069592425, 30.42284525793916, 20.64573332333078, 15.205903939072]",0.025,grid_T4.3_R0,10.0,24.11004226806304,paper_cubic,,,diffusion,,0.05,1e-24,,0,26091611,256,,,4.3,0,
,50.0,"[21.957596830928043, 16.337318791992004, 4.3960053903573355, 2.8226869478312966]",0.025,grid_T4.3_R1e-08,10.0,13.931407582314362,paper_cubic,,,diffusion,,0.05,1e-24,,1e-08,26091611,256,,,4.3,0,
,50.0,"[26.490895261725463, 29.886056547496047, 20.64573332333078, 15.205903939072]",0.025,grid_T4.3_R1e-09,10.0,23.729779427916185,paper_cubic,,,diffusion,,0.05,1e-24,,1e-09,26091611,256,,,4.3,0,
,50.0,"[27.567379687794574, 29.031620497961818, 19.07418755339623, 14.881557396531614]",0.025,grid_T4.3_R3e-09,10.0,23.38846293024141,paper_cubic,,,diffusion,,0.05,1e-24,,3e-09,26091611,256,,,4.3,0,
,50.0,"[25.371534914305105, 24.44868508470821, 13.21473819817029, 10.259214515192614]",0.025,grid_T4.3_R6e-09,10.0,19.502139462081825,paper_cubic,,,diffusion,,0.05,1e-24,,6e-09,26091611,256,,,4.3,0,
,50.0,"[24.950485456778434, 29.58243626775013, 20.64573332333078, 15.205903939072]",0.025,grid_T7_R0,10.0,23.21159774297531,paper_cubic,,,diffusion,,0.05,1e-24,,0,26091611,256,,,7,0,
,50.0,"[15.969805744156194, 11.115443828787988, 6.729974304500595, 5.677890168810575]",0.025,grid_T7_R1e-08,10.0,10.678468732984838,paper_cubic,,,diffusion,,0.05,1e-24,,1e-08,26091611,256,,,7,0,
,50.0,"[25.662458132814002, 29.53319605218374, 20.64573332333078, 15.205903939072]",0.025,grid_T7_R1e-09,10.0,23.389299078518413,paper_cubic,,,diffusion,,0.05,1e-24,,1e-09,26091611,256,,,7,0,
,50.0,"[21.630839833772963, 27.178245200269313, 17.118273057578907, 12.702723457682447]",0.025,grid_T7_R3e-09,10.0,20.37734464912252,paper_cubic,,,diffusion,,0.05,1e-24,,3e-09,26091611,256,,,7,0,
,50.0,"[18.83842238037966, 22.03708143940287, 8.964952407112774, 7.374242355684118]",0.025,grid_T7_R6e-09,10.0,15.614648075850338,paper_cubic,,,diffusion,,0.05,1e-24,,6e-09,26091611,256,,,7,0,
,50.0,"[6.044088971117674, 13.401447887302032, 11.943252989289439, 9.567329561679838]",0.025,jitter_off,0,10.610194435951945,paper_cubic,,,corrected_constant,,0.05,1e-24,,1e-08,26091611,256,,,15.0,0.5391689206547424,
,50.0,"[6.393935425445328, 19.54393655678631, 12.4568155133978, 9.29878657869784]",0.025,lensing_off,10.0,12.88882802014454,paper_cubic,,,corrected_constant,,0.05,1e-24,,1e-08,26091611,256,,,15.0,0,
,50.0,"[6.028566131369885, 12.957549419946657, 3.9134451449190553, 1.7556364234258468]",0.025,lens_T10_R1e-08,10.0,7.460546372823676,paper_cubic,,True,diffusion,,0.05,1e-24,,1e-08,26091611,256,0,0,10,0.412425,
,50.0,"[4.491060077394889, 17.778503673919417, 11.263698341882124, 9.043892469861605]",0.025,lens_T10_R6e-09,10.0,11.671629115569878,paper_cubic,,True,diffusion,,0.05,1e-24,,6e-09,26091611,256,0,0,10,0.412425,
,50.0,"[12.46421882451657, 5.290371592785934, 6.330634178309799, 2.472249270533601]",0.025,lens_T13_R1e-08,10.0,7.575185279094295,paper_cubic,,True,diffusion,,0.05,1e-24,,1e-08,26091611,256,0,0,13,0.412425,
,50.0,"[9.867050709817505, 16.010562163529126, 7.044322422714119, 7.773354942356326]",0.025,lens_T13_R6e-09,10.0,10.767361746933984,paper_cubic,,True,diffusion,,0.05,1e-24,,6e-09,26091611,256,0,0,13,0.412425,
,50.0,"[15.383443108299193, 2.8186047106342125, 8.770076480252383, 7.8474895861593215]",0.025,lens_T16_R1e-08,10.0,9.786370479593575,paper_cubic,,True,diffusion,,0.05,1e-24,,1e-08,26091611,256,0,0,16,0.412425,
,50.0,"[10.391657061670216, 5.827780442862519, 2.6329962362505825, 1.7944537724522382]",0.025,lens_T16_R6e-09,10.0,6.166487957077941,paper_cubic,,True,diffusion,,0.05,1e-24,,6e-09,26091611,256,0,0,16,0.412425,
,50.0,"[18.089120455669335, 6.093017891928859, 11.778895142887054, 10.059176148149955]",0.025,lens_T19_R1e-08,10.0,12.290957463291024,paper_cubic,,True,diffusion,,0.05,1e-24,,1e-08,26091611,256,0,0,19,0.412425,
,50.0,"[16.478703163060697, 3.682490689218147, 2.4899453696733294, 3.058665541493828]",0.025,lens_T19_R6e-09,10.0,8.669827830630842,paper_cubic,,True,diffusion,,0.05,1e-24,,6e-09,26091611,256,0,0,19,0.412425,
,50.0,"[4.21933990788816, 17.668330583875267, 4.843419195201426, 4.086734614696667]",0.025,lens_T7_R1e-08,10.0,9.619418436043903,paper_cubic,,True,diffusion,,0.05,1e-24,,1e-08,26091611,256,0,0,7,0.412425,
,50.0,"[4.458475034011643, 21.23093072541341, 15.41748871575991, 10.369961718727335]",0.025,lens_T7_R6e-09,10.0,14.281679553230624,paper_cubic,,True,diffusion,,0.05,1e-24,,6e-09,26091611,256,0,0,7,0.412425,
,50.0,"[9.381819914631508, 6.671230566641037, 10.47081175415961, 4.262992506556123]",0.025,local_mean_T15,10.0,8.067447955919251,paper_cubic,,,local_mean,,0.05,1e-24,,1e-08,26091611,256,,,15.0,0.5391689206547424,
,50.0,"[3.514770217790032, 5.892731114668911, 3.606164099990415, 3.726404407952248]",0.0125,noise_half_seed23,10.0,4.300244150083706,paper_cubic,,True,diffusion,,0.025,1e-24,,5.75e-09,26091623,4096,0,0,19,0,1.11
,50.0,"[3.4496225687091244, 6.141263675778326, 3.8729482544042266, 3.528073828896424]",0.0125,noise_reference_seed23,10.0,4.389249609142156,paper_cubic,,True,diffusion,,0.05,1e-24,,5.75e-09,26091623,4096,0,0,19,0,1.11
,50.0,"[4.243767613028603, 6.368982860825121, 3.4379937085074737, 3.8705271570432123]",0.025,observation_absorbing,10.0,4.619910373806527,paper_cubic,,True,diffusion,,0.05,1e-24,,7e-09,26091612,1024,0,0,18,0,
False,50.0,"[3.8582547437303765, 6.49825805327083, 3.239727838975575, 3.709724855540798]",0.025,observation_recapture,10.0,4.510304379109787,paper_cubic,,True,diffusion,,0.05,1e-24,,7e-09,26091612,1024,0,0,18,0,
,50.0,"[10.118257295588043, 7.903343219094147, 3.946954024993015, 2.9770371718603266]",0.025,opt3_T12_R1e-08_W1.11,10.0,6.879010850706822,paper_cubic,,True,diffusion,,0.05,1e-24,,1e-08,26091611,256,0,0,12,0,1.11
,50.0,"[10.187942599257308, 10.692445984096382, 4.330126418792788, 2.557053945624485]",0.025,opt3_T12_R1e-08_W1.14,10.0,7.8008187905524,paper_cubic,,True,diffusion,,0.05,1e-24,,1e-08,26091611,256,0,0,12,0,1.14
,50.0,"[15.020607094256452, 18.598396836418292, 8.64159005937758, 7.404532720994621]",0.025,opt3_T12_R5e-09_W1.11,10.0,13.238421223238204,paper_cubic,,True,diffusion,,0.05,1e-24,,5e-09,26091611,256,0,0,12,0,1.11
,50.0,"[12.372223653218402, 19.65161333110905, 11.037561151034128, 7.821697961643638]",0.025,opt3_T12_R5e-09_W1.14,10.0,13.437489905174607,paper_cubic,,True,diffusion,,0.05,1e-24,,5e-09,26091611,256,0,0,12,0,1.14
,50.0,"[13.891921918574765, 13.761947710470432, 2.610118934193264, 1.807592569570374]",0.025,opt3_T12_R7.5e-09_W1.11,10.0,9.905261368657827,paper_cubic,,True,diffusion,,0.05,1e-24,,7.5e-09,26091611,256,0,0,12,0,1.11
,50.0,"[11.445998746065513, 14.423877527394529, 1.9862912531373043, 4.512779536417852]",0.025,opt3_T12_R7.5e-09_W1.14,10.0,9.531128767187175,paper_cubic,,True,diffusion,,0.05,1e-24,,7.5e-09,26091611,256,0,0,12,0,1.14
,50.0,"[2.2063159349331536, 2.8183464586984504, 11.300002128102184, 8.061030573853264]",0.025,opt3_T16_R1e-08_W1.11,10.0,7.167307178670888,paper_cubic,,True,diffusion,,0.05,1e-24,,1e-08,26091611,256,0,0,16,0,1.11
,50.0,"[2.821530606086618, 4.546778984052567, 11.865194083304818, 8.120621841810449]",0.025,opt3_T16_R1e-08_W1.14,10.0,7.670749047894317,paper_cubic,,True,diffusion,,0.05,1e-24,,1e-08,26091611,256,0,0,16,0,1.14
,50.0,"[5.601010367416382, 12.233479574339846, 3.4581874378586224, 4.356083919036617]",0.025,opt3_T16_R5e-09_W1.11,10.0,7.279489458347141,paper_cubic,,True,diffusion,,0.05,1e-24,,5e-09,26091611,256,0,0,16,0,1.11
,50.0,"[4.549449753469031, 13.154294479451172, 5.676196913297489, 4.705038330753422]",0.025,opt3_T16_R5e-09_W1.14,10.0,7.8754294074013185,paper_cubic,,True,diffusion,,0.05,1e-24,,5e-09,26091611,256,0,0,16,0,1.14
,50.0,"[3.779939117939994, 6.368620445788806, 5.961060867908021, 1.3759478140294121]",0.025,opt3_T16_R7.5e-09_W1.11,10.0,4.802987226083597,paper_cubic,,True,diffusion,,0.05,1e-24,,7.5e-09,26091611,256,0,0,16,0,1.11
,50.0,"[1.0750070081910983, 11.422343260384485, 1.6437465021071969, 2.8274138747393267]",0.025,opt3_T16_R7.5e-09_W1.14,10.0,5.964933725699912,paper_cubic,,True,diffusion,,0.05,1e-24,,7.5e-09,26091611,256,0,0,16,0,1.14
,50.0,"[5.410450949756187, 2.5470828207339498, 15.34533285232788, 10.537642402186854]",0.025,opt3_T20_R1e-08_W1.11,10.0,9.776013478413573,paper_cubic,,True,diffusion,,0.05,1e-24,,1e-08,26091611,256,0,0,20,0,1.11
,50.0,"[4.0489777651208225, 2.4362283317210194, 14.003044838342623, 13.867428361119613]",0.025,opt3_T20_R1e-08_W1.14,10.0,10.133117283468863,paper_cubic,,True,diffusion,,0.05,1e-24,,1e-08,26091611,256,0,0,20,0,1.14
,50.0,"[4.742947110674633, 7.786686198567486, 1.328372423147944, 1.8285033942584923]",0.025,opt3_T20_R5e-09_W1.11,10.0,4.696701693928755,paper_cubic,,True,diffusion,,0.05,1e-24,,5e-09,26091611,256,0,0,20,0,1.11
,50.0,"[3.84819865567093, 7.440357460232942, 2.3488336254633126, 4.060358271184276]",0.025,opt3_T20_R5e-09_W1.14,10.0,4.800288551744396,paper_cubic,,True,diffusion,,0.05,1e-24,,5e-09,26091611,256,0,0,20,0,1.14
,50.0,"[4.441439999359505, 3.214974213612682, 11.328712734102576, 10.296830457087042]",0.025,opt3_T20_R7.5e-09_W1.11,10.0,8.130604192431184,paper_cubic,,True,diffusion,,0.05,1e-24,,7.5e-09,26091611,256,0,0,20,0,1.11
,50.0,"[3.6297039044010293, 3.1151679138409087, 6.95913480519467, 6.9545839468123445]",0.025,opt3_T20_R7.5e-09_W1.14,10.0,5.469799280485066,paper_cubic,,True,diffusion,,0.05,1e-24,,7.5e-09,26091611,256,0,0,20,0,1.14
,50.0,"[5.643661281041476, 15.815802689785116, 6.201141593735314, 5.416398843925933]",0.025,refine0_T15_R5e-09,10.0,9.351230679426333,paper_cubic,,True,diffusion,,0.05,1e-24,,5e-09,26091612,1024,0,0,15,0,
,50.0,"[2.90176326070634, 11.170015855584381, 1.0000114092429835, 1.146274381140992]",0.025,refine0_T15_R7e-09,10.0,5.820297501216494,paper_cubic,,True,diffusion,,0.05,1e-24,,7e-09,26091612,1024,0,0,15,0,
,50.0,"[3.036214144080369, 7.899710442861413, 6.048460833862028, 4.203060153886764]",0.025,refine0_T15_R9e-09,10.0,5.60967054571213,paper_cubic,,True,diffusion,,0.05,1e-24,,9e-09,26091612,1024,0,0,15,0,
,50.0,"[3.0968393526389706, 11.061841639934714, 3.6050658102775217, 2.433590226874865]",0.025,refine0_T18_R5e-09,10.0,6.14153106586256,paper_cubic,,True,diffusion,,0.05,1e-24,,5e-09,26091612,1024,0,0,18,0,
,50.0,"[4.243767613028603, 6.368982860825121, 3.4379937085074737, 3.8705271570432123]",0.025,refine0_T18_R7e-09,10.0,4.619910373806527,paper_cubic,,True,diffusion,,0.05,1e-24,,7e-09,26091612,1024,0,0,18,0,
,50.0,"[4.282213520337335, 3.29512423473025, 10.153578502925352, 7.999596140484157]",0.025,refine0_T18_R9e-09,10.0,7.005067651029206,paper_cubic,,True,diffusion,,0.05,1e-24,,9e-09,26091612,1024,0,0,18,0,
,50.0,"[7.218027221302541, 7.526982314374925, 3.368906678283965, 4.1945380188666475]",0.025,refine0_T21_R5e-09,10.0,5.867262162352246,paper_cubic,,True,diffusion,,0.05,1e-24,,5e-09,26091612,1024,0,0,21,0,
,50.0,"[8.069604117168497, 3.3635245566994127, 7.811227978951638, 8.118233029089792]",0.025,refine0_T21_R7e-09,10.0,7.1300911302925165,paper_cubic,,True,diffusion,,0.05,1e-24,,7e-09,26091612,1024,0,0,21,0,
,50.0,"[8.878090522215238, 2.8942444641016483, 13.250929641359452, 12.346545515213958]",0.025,refine0_T21_R9e-09,10.0,10.18849185181668,paper_cubic,,True,diffusion,,0.05,1e-24,,9e-09,26091612,1024,0,0,21,0,
,50.0,"[3.5345072683812937, 8.285918283305476, 4.378711581443325, 2.8498876938940914]",0.025,refine3_T16_R7.5e-09_W1.11,10.0,5.2068262504411225,paper_cubic,,True,diffusion,,0.05,1e-24,,7.5e-09,26091612,1024,0,0,16,0,1.11
,50.0,"[1.7632418334916373, 6.887273904397451, 5.504369401093326, 4.296335330442245]",0.025,refine3_T16_R8.5e-09_W1.17,10.0,4.982472864273016,paper_cubic,,True,diffusion,,0.05,1e-24,,8.5e-09,26091612,1024,0,0,16,0,1.17
,50.0,"[2.206079234898466, 5.845205278903029, 4.82620703781341, 5.403873562705831]",0.025,refine3_T17_R7.5e-09_W1.14,10.0,4.783495954757273,paper_cubic,,True,diffusion,,0.05,1e-24,,7.5e-09,26091612,1024,0,0,17,0,1.14
,50.0,"[2.0272249177745496, 5.1441446421586825, 4.275793766235898, 3.8770914285476357]",0.025,refine3_T18_R6.5e-09_W1.11,10.0,3.996439516725957,paper_cubic,,True,diffusion,,0.05,1e-24,,6.5e-09,26091612,1024,0,0,18,0,1.11
,50.0,"[1.8268266198179, 8.20211435571905, 3.838459318697194, 3.067684181019859]",0.025,refine3_T18_R6.5e-09_W1.14,10.0,4.867145764689522,paper_cubic,,True,diffusion,,0.05,1e-24,,6.5e-09,26091612,1024,0,0,18,0,1.14
,50.0,"[3.580933169272603, 7.407325296915447, 2.339771673782689, 2.8547922314088843]",0.025,refine3_T20_R5e-09_W1.11,10.0,4.508767031769012,paper_cubic,,True,diffusion,,0.05,1e-24,,5e-09,26091612,1024,0,0,20,0,1.11
,50.0,"[4.433021634727039, 8.0534254532005, 2.7379752783778084, 3.9506998660710417]",0.025,refine3_T20_R5e-09_W1.14,10.0,5.186855511796079,paper_cubic,,True,diffusion,,0.05,1e-24,,5e-09,26091612,1024,0,0,20,0,1.14
,50.0,"[2.93850645846133, 7.139461758923928, 2.4676808493922024, 2.7392563904817044]",0.00625,refinement_seed21,10.0,4.277841417140425,paper_cubic,,True,diffusion,,0.05,1e-24,,5.75e-09,26091621,4096,0,0,19,0,1.11
,50.0,"[4.507446187726007, 9.04434316220335, 2.4481280885257353, 1.4088740342794006]",0.025,refine_lens_T10_R1e-08,10.0,5.246319461137389,paper_cubic,,True,diffusion,,0.05,1e-24,,1e-08,26091612,1024,0,0,10,0.412425,
,50.0,"[7.159228858224632, 9.499736832759778, 1.720181607841637, 0.9890248878450985]",0.025,refine_lens_T13_R8e-09,10.0,6.029858056556199,paper_cubic,,True,diffusion,,0.05,1e-24,,8e-09,26091612,1024,0,0,13,0.412425,
,50.0,"[9.766126798961563, 7.913934709082445, 1.234592841434668, 1.8994154607847105]",0.025,refine_lens_T16_R6e-09,10.0,6.386305540173535,paper_cubic,,True,diffusion,,0.05,1e-24,,6e-09,26091612,1024,0,0,16,0.412425,
,50.0,"[3.101593793237179, 8.544171940811752, 1.368378406468819, 1.567297649185993]",0.0125,selection_T18_R5.75e-09,10.0,4.6623931515058965,paper_cubic,,True,diffusion,,0.05,1e-24,,5.75e-09,26091612,2048,0,0,18,0,1.11
,50.0,"[2.561361515074012, 7.353950724871389, 3.8800753242381356, 3.5903566688127606]",0.0125,selection_T18_R6.5e-09,10.0,4.70602830436103,paper_cubic,,True,diffusion,,0.05,1e-24,,6.5e-09,26091612,2048,0,0,18,0,1.11
,50.0,"[2.251003811033431, 6.856806621700745, 2.713620738322633, 3.3733453266856652]",0.0125,selection_T19_R5.75e-09,10.0,4.207909558474757,paper_cubic,,True,diffusion,,0.05,1e-24,,5.75e-09,26091612,2048,0,0,19,0,1.11
,50.0,"[2.163216126466272, 5.390877320385176, 5.833267312985633, 4.370375913937336]",0.0125,selection_T19_R6.5e-09,10.0,4.660157064604079,paper_cubic,,True,diffusion,,0.05,1e-24,,6.5e-09,26091612,2048,0,0,19,0,1.11
,0,"[2.8407823108214463, 5.7556708907514675, 3.289011364090597, 3.0372330924417765]",0.0125,sensitivity_alignment_off,10.0,3.9128050089117767,paper_cubic,,True,diffusion,,0.05,1e-24,,5.75e-09,26091612,1024,0,0,19,0,1.11
,50.0,"[2.7425003282399, 6.283547742042995, 3.9010776821029545, 4.338723748786215]",0.0125,sensitivity_aod_disorder_off,10.0,4.501311229159033,paper_cubic,,True,diffusion,True,0.05,1e-24,,5.75e-09,26091612,1024,0,0,19,0,1.11
,50.0,"[2.850285818063954, 7.0599549324061925, 3.143968608803453, 3.2071769826522774]",0.0125,sensitivity_jitter_off,0,4.419774193990546,paper_cubic,,True,diffusion,,0.05,1e-24,,5.75e-09,26091612,1024,0,0,19,0,1.11
,50.0,"[12.510846682584308, 4.148798784519879, 4.544125584705825, 2.890668643631954]",0.0125,sensitivity_lens_filled,10.0,7.119319816640132,paper_cubic,,True,diffusion,,0.05,1e-24,,5.75e-09,26091612,1024,0,0,19,0.39127500000000004,1.11
,50.0,"[8.158868201395235, 4.758445265409296, 3.477280386295259, 3.4923441802918114]",0.0125,sensitivity_lens_old,10.0,5.326769152830031,paper_cubic,,True,diffusion,,0.05,1e-24,,5.75e-09,26091612,1024,0,0,19,0.5391689206547424,1.11
,50.0,"[2.3791067207299306, 10.251650676794148, 4.317567806815015, 3.358042325006303]",0.0125,sensitivity_mean_only,10.0,5.930310497997036,paper_cubic,,True,local_mean,,0.05,1e-24,,5.75e-09,26091612,1024,0,0,19,0,1.11
,50.0,"[2.508354750976953, 6.603201878163187, 2.825221911806109, 3.8398951775978274]",0.0125,sensitivity_ml_clamped,10.0,4.260891703224071,paper_cubic,True,True,diffusion,,0.05,1e-24,,5.75e-09,26091612,1024,0,0,19,0,1.11
,50.0,"[2.508354750976953, 6.603201878163187, 2.825221911806109, 3.6208041193324094]",0.0125,sensitivity_ml_original,10.0,4.21266601815437,paper_cubic,,False,diffusion,,0.05,1e-24,,5.75e-09,26091612,1024,0,0,19,0,1.11
,50.0,"[2.4951288993296346, 6.843786281609979, 2.5817969963771703, 3.6320548468170255]",0.0125,sensitivity_pointing_off,10.0,4.2696773014307565,paper_cubic,,True,diffusion,,0.05,0,,5.75e-09,26091612,1024,0,0,19,0,1.11
,50.0,"[2.2277266694252473, 6.237961430225282, 3.194956139248507, 3.1133373797455794]",0.0125,sensitivity_recoil_off,10.0,3.992979567017891,paper_cubic,,True,diffusion,,0.05,1e-24,False,5.75e-09,26091612,1024,0,0,19,0,1.11
,50.0,"[2.508354750976953, 6.603201878163187, 2.825221911806109, 4.232707961360072]",0.0125,sensitivity_reference,10.0,4.352924710399801,paper_cubic,,True,diffusion,,0.05,1e-24,,5.75e-09,26091612,1024,0,0,19,0,1.11
,50.0,"[4.13496500759504, 20.767608560036496, 15.701284850219514, 10.838864121968909]",0.0125,sensitivity_rin_off,10.0,14.251340483610427,paper_cubic,,True,diffusion,,0.05,1e-24,,0,26091612,1024,0,0,19,0,1.11
,50.0,"[2.5199724560772903, 7.068827527052375, 3.754700693784447, 3.468420358364805]",0.0125,sensitivity_slm_small,10.0,4.539997270616649,paper_cubic,,True,diffusion,,0.05,1e-24,,5.75e-09,26091612,1024,1e-26,1e-12,19,0,1.11
,50.0,"[2.859907795618681, 6.894395096462224, 3.3422126078233965, 2.6015626898652133]",0.0125,validation_seed21,10.0,4.290986771441834,paper_cubic,,True,diffusion,,0.05,1e-24,,5.75e-09,26091621,4096,0,0,19,0,1.11
,50.0,"[2.699705597177946, 6.1988039364029, 3.546493334969932, 3.7945487002009872]",0.0125,validation_seed22,10.0,4.2629155330179005,paper_cubic,,True,diffusion,,0.05,1e-24,,5.75e-09,26091622,4096,0,0,19,0,1.11
,50.0,"[7.161090562488136, 12.122893085600623, 0.953042101485912, 3.135157738019393]",0.025,waist_screen_1.11,10.0,7.228126626217328,paper_cubic,,True,diffusion,,0.05,1e-24,,6e-09,26091611,256,0,0,15,0,1.11
,50.0,"[4.893049656385504, 12.233222560265084, 5.302916341854196, 1.88852582273111]",0.025,waist_screen_1.14,10.0,7.1638174296365795,paper_cubic,,True,diffusion,,0.05,1e-24,,6e-09,26091611,256,0,0,15,0,1.14
,50.0,"[3.7733387670099026, 14.679729777993971, 4.325012541878161, 4.166649788053359]",0.025,waist_screen_1.17,10.0,8.151675529442263,paper_cubic,,True,diffusion,,0.05,1e-24,,6e-09,26091611,256,0,0,15,0,1.17
,50.0,"[2.7778337063366436, 15.837868142921122, 4.668304211658257, 3.8542017042116705]",0.025,waist_screen_1.2,10.0,8.59072701233647,paper_cubic,,True,diffusion,,0.05,1e-24,,6e-09,26091611,256,0,0,15,0,1.2
,50.0,"[2.417396153166294, 16.639356393740236, 7.073944613551535, 3.950093315477404]",0.025,waist_screen_1.23,10.0,9.332147595219192,paper_cubic,,True,diffusion,,0.05,1e-24,,6e-09,26091611,256,0,0,15,0,1.23
,50.0,"[4.251367023420275, 20.234081164777642, 18.148423367547494, 12.59202862717203]",0.025,waveform_only,10.0,15.127926310518394,paper_cubic,,,legacy,,0.05,1e-24,,1e-08,26091611,256,,,15.0,0.5391689206547424,
