group,waveform,n,shots,survivors,survival,wilson95_low,wilson95_high,published_fit
Baseline,manual_200us,0,4096,4096,1.0,0.9990630225926348,0.9999999999999999,
Baseline,manual_200us,1,4096,4076,0.9951171875,0.9924697076331114,0.9968368401295172,
Baseline,manual_200us,2,4096,3989,0.973876953125,0.9685304473439507,0.978335434908151,
Baseline,manual_200us,3,4096,3917,0.956298828125,0.9495990962030896,0.9621434766609898,
Baseline,manual_200us,4,4096,3732,0.9111328125,0.9020289161772014,0.9194662645093207,
Baseline,manual_200us,5,4096,3593,0.877197265625,0.8667910696215887,0.8868966109963902,0.9187593345693027
Baseline,manual_200us,6,4096,3333,0.813720703125,0.8015056463812547,0.8253478614466436,0.8929767098063712
Baseline,manual_200us,7,4096,3200,0.78125,0.7683295631481669,0.7936433870601901,0.8642373344458064
Baseline,manual_200us,8,4096,2901,0.708251953125,0.6941411234838311,0.7219725280159333,0.8328411829022916
Baseline,manual_200us,9,4096,2746,0.67041015625,0.6558608931079,0.6846400784593163,0.8012605638317051
Baseline,manual_200us,10,4096,2463,0.601318359375,0.5862356010713923,0.6162112516512364,0.7693604041134326
Baseline,manual_200us,11,4096,2352,0.57421875,0.5590135580755022,0.5892848593405919,0.7374602443951601
Baseline,manual_200us,12,4096,2098,0.51220703125,0.49689510785408114,0.5274960792209343,0.7055600846768876
Baseline,manual_200us,13,4096,1977,0.482666015625,0.4673864052937862,0.4979781090596918,0.6753278628489832
Baseline,manual_200us,14,4096,1773,0.432861328125,0.41775766742031417,0.44809080366710063,0.6463358077077718
Baseline,manual_200us,15,4096,1691,0.412841796875,0.3978525224531523,0.42799440183123705,0.618302110838253
Baseline,manual_200us,16,4096,1486,0.36279296875,0.3482034595103228,0.3776395977665031,0.5919667015897039
Baseline,manual_200us,17,4096,1432,0.349609375,0.335153292326745,0.3643472829090641,0.5667510264602029
Baseline,manual_200us,18,4096,1286,0.31396484375,0.2999318742904031,0.32834643468636077,0.5428363749048011
Baseline,manual_200us,19,4096,1214,0.29638671875,0.28259768596143436,0.31055731362730715,0.5202484205209351
Baseline,manual_200us,20,4096,1069,0.260986328125,0.24776530565824756,0.27465525141294905,0.49866832386626914
Baseline,manual_200us,21,4096,1021,0.249267578125,0.23625883771279363,0.26274617976638803,0.4784582840442959
Baseline,manual_200us,22,4096,911,0.222412109375,0.20993983586765277,0.23540457004649476,0.4589227362339492
Baseline,manual_200us,23,4096,873,0.213134765625,0.20086516404843133,0.22594193968870444,0.4409823896615848
Baseline,manual_200us,24,4096,777,0.189697265625,0.177983454622503,0.20199256993060297,0.4235046846475718
Baseline,manual_200us,25,4096,731,0.178466796875,0.16704343331087437,0.19049269913321734,0.4071151256918037
Baseline,manual_200us,26,4096,635,0.155029296875,0.1442690238690864,0.16643602939097557,0.39157233901872407
Baseline,manual_200us,27,4096,602,0.14697265625,0.13646001016678277,0.15814685962376895,0.3766031364911478
Baseline,manual_200us,28,4096,535,0.130615234375,0.12064057602534856,0.14128210308468242,0.36270120128050637
Baseline,manual_200us,29,4096,512,0.125,0.11522193602218074,0.13548079703334315,0.3490086111373705
Baseline,manual_200us,30,4096,458,0.11181640625,0.10252679472753717,0.12183345628696998,0.3366448014492707
Baseline,manual_200us,31,4096,444,0.1083984375,0.09924213367069452,0.1182885849628083,0.32428099176117103
Baseline,manual_200us,32,4096,403,0.098388671875,0.08964031844591683,0.10788962678607328,
Baseline,manual_200us,33,4096,391,0.095458984375,0.08683533846437357,0.10484072186961281,
Baseline,manual_200us,34,4096,343,0.083740234375,0.07564236649546194,0.09261815424650957,
Baseline,manual_200us,35,4096,327,0.079833984375,0.07192189921366465,0.08853344166430188,
Baseline,manual_200us,36,4096,292,0.0712890625,0.06380432634178862,0.07957718358366708,
Baseline,manual_200us,37,4096,280,0.068359375,0.061028422391329204,0.07649920263612277,
Baseline,manual_200us,38,4096,243,0.059326171875,0.05249614642850004,0.06698200016344047,
Baseline,manual_200us,39,4096,231,0.056396484375,0.04973859724567345,0.06388566444826334,
Baseline,manual_200us,40,4096,209,0.051025390625,0.04469721025882503,0.058194929122104944,
Baseline,manual_200us,41,4096,205,0.050048828125,0.04378272141038475,0.05715812300454398,
Baseline,manual_200us,42,4096,190,0.04638671875,0.04035978058165302,0.053263707710771054,
Baseline,manual_200us,43,4096,186,0.04541015625,0.03944879745397491,0.05222339587244794,
Baseline,manual_200us,44,4096,165,0.040283203125,0.034679916847212375,0.04674797790770395,
Baseline,manual_200us,45,4096,157,0.038330078125,0.03286986569200936,0.044655439130904494,
Baseline,manual_200us,46,4096,146,0.03564453125,0.030387788741492207,0.04177145492491823,
Baseline,manual_200us,47,4096,137,0.033447265625,0.028363344734976974,0.039405485257930674,
Baseline,manual_200us,48,4096,121,0.029541015625,0.024780296095387285,0.03518335403351541,
Baseline,manual_200us,49,4096,114,0.02783203125,0.023219948082791268,0.03332893585560926,
Baseline,manual_200us,50,4096,104,0.025390625,0.020999607767912647,0.030671038755484777,
Baseline,manual_200us,51,4096,103,0.025146484375,0.020778184389122753,0.03040463839277436,
Baseline,manual_200us,52,4096,93,0.022705078125,0.01857068652760418,0.02773389883928984,
Baseline,manual_200us,53,4096,92,0.0224609375,0.018350651411753346,0.02746611021364036,
Baseline,manual_200us,54,4096,82,0.02001953125,0.01615827811132198,0.024780246099068624,
Baseline,manual_200us,55,4096,79,0.019287109375,0.015503626084669948,0.023971426901219724,
Baseline,manual_200us,56,4096,73,0.017822265625,0.014199063362519719,0.022349047174368093,
Baseline,manual_200us,57,4096,70,0.01708984375,0.0135493413532538,0.021535297959133087,
Baseline,manual_200us,58,4096,63,0.015380859375,0.012040724876904885,0.019629148244979834,
Baseline,manual_200us,59,4096,61,0.014892578125,0.011611768142410793,0.019082457496473304,
Baseline,manual_200us,60,4096,55,0.013427734375,0.010331122163193216,0.017436161026689018,
Corrected formulas / controls,manual_200us,0,4096,4096,1.0,0.9990630225926348,0.9999999999999999,
Corrected formulas / controls,manual_200us,1,4096,4090,0.99853515625,0.9968075986857966,0.9993284814578364,
Corrected formulas / controls,manual_200us,2,4096,4042,0.98681640625,0.9828391999625007,0.9898813405891173,
Corrected formulas / controls,manual_200us,3,4096,3983,0.972412109375,0.9669363760022123,0.9770025638008875,
Corrected formulas / controls,manual_200us,4,4096,3882,0.94775390625,0.9405100178795183,0.9541587240320502,
Corrected formulas / controls,manual_200us,5,4096,3804,0.9287109375,0.920422816416333,0.9361956736582114,0.9187593345693027
Corrected formulas / controls,manual_200us,6,4096,3660,0.8935546875,0.8837383798604915,0.9026334914380082,0.8929767098063712
Corrected formulas / controls,manual_200us,7,4096,3587,0.875732421875,0.8652763775266004,0.8854843606423766,0.8642373344458064
Corrected formulas / controls,manual_200us,8,4096,3397,0.829345703125,0.8175172629900953,0.8405569642938229,0.8328411829022916
Corrected formulas / controls,manual_200us,9,4096,3293,0.803955078125,0.7915146488016144,0.8158259093662715,0.8012605638317051
Corrected formulas / controls,manual_200us,10,4096,3116,0.7607421875,0.7474363988944884,0.7735593570278426,0.7693604041134326
Corrected formulas / controls,manual_200us,11,4096,3013,0.735595703125,0.7218736280701865,0.7488762824776125,0.7374602443951601
Corrected formulas / controls,manual_200us,12,4096,2815,0.687255859375,0.6728881446104253,0.7012726651203125,0.7055600846768876
Corrected formulas / controls,manual_200us,13,4096,2701,0.659423828125,0.6447674709451343,0.6737814322545681,0.6753278628489832
Corrected formulas / controls,manual_200us,14,4096,2507,0.612060546875,0.5970394761123335,0.6268716212363087,0.6463358077077718
Corrected formulas / controls,manual_200us,15,4096,2437,0.594970703125,0.5798550326604107,0.6099084027832099,0.618302110838253
Corrected formulas / controls,manual_200us,16,4096,2253,0.550048828125,0.5347736857349327,0.5652301812726309,0.5919667015897039
Corrected formulas / controls,manual_200us,17,4096,2172,0.5302734375,0.5149680816137825,0.5455220623322559,0.5667510264602029
Corrected formulas / controls,manual_200us,18,4096,2005,0.489501953125,0.474210116928103,0.5048134621873837,0.5428363749048011
Corrected formulas / controls,manual_200us,19,4096,1936,0.47265625,0.457399709360488,0.4879640315914773,0.5202484205209351
Corrected formulas / controls,manual_200us,20,4096,1809,0.441650390625,0.4265044959424068,0.45690562983901917,0.49866832386626914
Corrected formulas / controls,manual_200us,21,4096,1744,0.42578125,0.41071514065940806,0.44098644192449776,0.4784582840442959
Corrected formulas / controls,manual_200us,22,4096,1592,0.388671875,0.3738549812106128,0.40369739266524585,0.4589227362339492
Corrected formulas / controls,manual_200us,23,4096,1541,0.376220703125,0.36150758589140897,0.3911657771679339,0.4409823896615848
Corrected formulas / controls,manual_200us,24,4096,1427,0.348388671875,0.333945558603476,0.3631158979248315,0.4235046846475718
Corrected formulas / controls,manual_200us,25,4096,1379,0.336669921875,0.32235671177712216,0.35128920515917045,0.4071151256918037
Corrected formulas / controls,manual_200us,26,4096,1264,0.30859375,0.29463275807225264,0.3229134285915044,0.39157233901872407
Corrected formulas / controls,manual_200us,27,4096,1235,0.301513671875,0.2876509834209907,0.31574831473925724,0.3766031364911478
Corrected formulas / controls,manual_200us,28,4096,1131,0.276123046875,0.26264609787389903,0.29001953117031676,0.36270120128050637
Corrected formulas / controls,manual_200us,29,4096,1096,0.267578125,0.25424317513835026,0.2813486229533546,0.3490086111373705
Corrected formulas / controls,manual_200us,30,4096,1015,0.247802734375,0.23482142860780114,0.2612566464223786,0.3366448014492707
Corrected formulas / controls,manual_200us,31,4096,985,0.240478515625,0.22763746416422528,0.25380589862094516,0.32428099176117103
Corrected formulas / controls,manual_200us,32,4096,921,0.224853515625,0.21232944424552833,0.2378931990836223,
Corrected formulas / controls,manual_200us,33,4096,891,0.217529296875,0.2051625263183712,0.23042540476577014,
Corrected formulas / controls,manual_200us,34,4096,819,0.199951171875,0.18798616975967197,0.21247845193644704,
Corrected formulas / controls,manual_200us,35,4096,792,0.193359375,0.18155436437511646,0.20573901630049418,
Corrected formulas / controls,manual_200us,36,4096,736,0.1796875,0.16823175667106757,0.19174349448052572,
Corrected formulas / controls,manual_200us,37,4096,723,0.176513671875,0.16514253829430392,0.18849100421778536,
Corrected formulas / controls,manual_200us,38,4096,662,0.16162109375,0.1506660268754002,0.17321026740517015,
Corrected formulas / controls,manual_200us,39,4096,637,0.155517578125,0.14474264031200618,0.1669380604310564,
Corrected formulas / controls,manual_200us,40,4096,589,0.143798828125,0.13338675680315681,0.1548784043478909,
Corrected formulas / controls,manual_200us,41,4096,570,0.13916015625,0.1288982950680765,0.15009821499446532,
Corrected formulas / controls,manual_200us,42,4096,536,0.130859375,0.12087631428957908,0.14153418856195218,
Corrected formulas / controls,manual_200us,43,4096,526,0.12841796875,0.11851947006867647,0.13901279536785172,
Corrected formulas / controls,manual_200us,44,4096,483,0.117919921875,0.10839927383896353,0.12815657071305137,
Corrected formulas / controls,manual_200us,45,4096,471,0.114990234375,0.1055793900282327,0.12512256962577847,
Corrected formulas / controls,manual_200us,46,4096,434,0.10595703125,0.09689775635232097,0.11575472486617873,
Corrected formulas / controls,manual_200us,47,4096,422,0.10302734375,0.09408656646194645,0.11271202985854954,
Corrected formulas / controls,manual_200us,48,4096,388,0.0947265625,0.08613449244367426,0.1040780966658112,
Corrected formulas / controls,manual_200us,49,4096,378,0.09228515625,0.08379952506389676,0.10153482663058558,
Corrected formulas / controls,manual_200us,50,4096,356,0.0869140625,0.07866929308882128,0.09593293629265426,
Corrected formulas / controls,manual_200us,51,4096,348,0.0849609375,0.07680615146991471,0.09389348797955835,
Corrected formulas / controls,manual_200us,52,4096,327,0.079833984375,0.07192189921366465,0.08853344166430188,
Corrected formulas / controls,manual_200us,53,4096,317,0.077392578125,0.06959954922980058,0.08597755423316286,
Corrected formulas / controls,manual_200us,54,4096,298,0.07275390625,0.06519373132433245,0.0811147210501251,
Corrected formulas / controls,manual_200us,55,4096,292,0.0712890625,0.06380432634178862,0.07957718358366708,
Corrected formulas / controls,manual_200us,56,4096,274,0.06689453125,0.05964198073573794,0.07495870184271218,
Corrected formulas / controls,manual_200us,57,4096,265,0.064697265625,0.05756429279148446,0.07264597611346287,
Corrected formulas / controls,manual_200us,58,4096,249,0.060791015625,0.05387680089594814,0.06852828814499423,
Corrected formulas / controls,manual_200us,59,4096,244,0.0595703125,0.05272617065016472,0.06723979968327609,
Corrected formulas / controls,manual_200us,60,4096,229,0.055908203125,0.04927951257397559,0.06336910163696058,
Joint model,manual_200us,0,8192,8192,1.0,0.9995312917117791,1.0,
Joint model,manual_200us,1,8192,8139,0.9935302734375,0.9915478648132122,0.9950500386024915,
Joint model,manual_200us,2,8192,7892,0.96337890625,0.9590894698350327,0.967233963597075,
Joint model,manual_200us,3,8192,7766,0.947998046875,0.9429765848155823,0.9525995481390633,
Joint model,manual_200us,4,8192,7484,0.91357421875,0.9072939062044144,0.9194668399673404,
Joint model,manual_200us,5,8192,7347,0.8968505859375,0.8900771194236412,0.9032520381337303,0.9187593345693027
Joint model,manual_200us,6,8192,7085,0.8648681640625,0.857293921173087,0.8721003734867048,0.8929767098063712
Joint model,manual_200us,7,8192,6927,0.8455810546875,0.8375942950400437,0.853243860925788,0.8642373344458064
Joint model,manual_200us,8,8192,6618,0.807861328125,0.7991862408766189,0.8162478210611513,0.8328411829022916
Joint model,manual_200us,9,8192,6462,0.788818359375,0.7798457028265925,0.7975202728057486,0.8012605638317051
Joint model,manual_200us,10,8192,6191,0.7557373046875,0.7463149021453563,0.7649199748410149,0.7693604041134326
Joint model,manual_200us,11,8192,6022,0.735107421875,0.7254431091852177,0.7445513409702721,0.7374602443951601
Joint model,manual_200us,12,8192,5744,0.701171875,0.6911671208857569,0.7109880472639042,0.7055600846768876
Joint model,manual_200us,13,8192,5599,0.6834716796875,0.6733155868950071,0.6934557830861461,0.6753278628489832
Joint model,manual_200us,14,8192,5349,0.6529541015625,0.6425762571426958,0.6631885642720647,0.6463358077077718
Joint model,manual_200us,15,8192,5212,0.63623046875,0.6257511224785245,0.6465821103218529,0.618302110838253
Joint model,manual_200us,16,8192,4978,0.607666015625,0.5970445363074635,0.6181865670347702,0.5919667015897039
Joint model,manual_200us,17,8192,4845,0.5914306640625,0.5807454082132408,0.6020302112916718,0.5667510264602029
Joint model,manual_200us,18,8192,4630,0.565185546875,0.5544225015614048,0.5758874861764101,0.5428363749048011
Joint model,manual_200us,19,8192,4523,0.5521240234375,0.5413337098411154,0.5628654751102834,0.5202484205209351
Joint model,manual_200us,20,8192,4318,0.527099609375,0.51627797518046,0.5378958399464968,0.49866832386626914
Joint model,manual_200us,21,8192,4200,0.5126953125,0.5018680144362946,0.5235107097673248,0.4784582840442959
Joint model,manual_200us,22,8192,4003,0.4886474609375,0.4778307353405594,0.4994748285927425,0.4589227362339492
Joint model,manual_200us,23,8192,3887,0.4744873046875,0.4636885210993844,0.4853100042991112,0.4409823896615848
Joint model,manual_200us,24,8192,3708,0.45263671875,0.44188273527976857,0.4634351013451899,0.4235046846475718
Joint model,manual_200us,25,8192,3622,0.442138671875,0.43141364782536973,0.45291793609274955,0.4071151256918037
Joint model,manual_200us,26,8192,3456,0.421875,0.4112196748609664,0.4326035608090681,0.39157233901872407
Joint model,manual_200us,27,8192,3369,0.4112548828125,0.40064343194983715,0.4219495248190927,0.3766031364911478
Joint model,manual_200us,28,8192,3218,0.392822265625,0.382299161026065,0.40344584040876363,0.36270120128050637
Joint model,manual_200us,29,8192,3160,0.3857421875,0.3752571916239905,0.39633429054343494,0.3490086111373705
Joint model,manual_200us,30,8192,3015,0.3680419921875,0.35766261029602414,0.37854507370289353,0.3366448014492707
Joint model,manual_200us,31,8192,2962,0.361572265625,0.3512352354237064,0.372039060279136,0.32428099176117103
Joint model,manual_200us,32,8192,2830,0.345458984375,0.335236362269449,0.3558264757903381,
Joint model,manual_200us,33,8192,2757,0.3365478515625,0.32639408429313443,0.3468548415852659,
Joint model,manual_200us,34,8192,2633,0.3214111328125,0.31138370125545656,0.331605976534013,
Joint model,manual_200us,35,8192,2575,0.3143310546875,0.30436686617268144,0.324469292349385,
Joint model,manual_200us,36,8192,2468,0.30126953125,0.2914291650287144,0.3112961907069359,
Joint model,manual_200us,37,8192,2425,0.2960205078125,0.2862325743243805,0.30599965505785026,
Joint model,manual_200us,38,8192,2312,0.2822265625,0.27258395033671967,0.29207331909350154,
Joint model,manual_200us,39,8192,2266,0.276611328125,0.26703107895571454,0.2864009855382904,
Joint model,manual_200us,40,8192,2185,0.2667236328125,0.25725785136259843,0.27640809139589523,
Joint model,manual_200us,41,8192,2146,0.261962890625,0.25255439085935827,0.27159453032277814,
Joint model,manual_200us,42,8192,2065,0.2520751953125,0.24279030299655824,0.261592496450067,
Joint model,manual_200us,43,8192,2034,0.248291015625,0.239055125722021,0.25776286170237145,
Joint model,manual_200us,44,8192,1948,0.23779296875,0.22869809665370994,0.24713363806384342,
Joint model,manual_200us,45,8192,1912,0.2333984375,0.22436487021144613,0.2426819215125467,
Joint model,manual_200us,46,8192,1815,0.2215576171875,0.21269618039890933,0.23068007048132308,
Joint model,manual_200us,47,8192,1780,0.21728515625,0.2084883969839481,0.22634693709698933,
Joint model,manual_200us,48,8192,1721,0.2100830078125,0.20139847863534505,0.21903930998392368,
Joint model,manual_200us,49,8192,1681,0.2052001953125,0.1965941055359126,0.2140826353127333,
Joint model,manual_200us,50,8192,1622,0.197998046875,0.18951124414026352,0.20676795124671368,
Joint model,manual_200us,51,8192,1595,0.1947021484375,0.1862714025182792,0.2034190856235276,
Joint model,manual_200us,52,8192,1539,0.1878662109375,0.17955476874376697,0.19647025251916783,
Joint model,manual_200us,53,8192,1510,0.184326171875,0.1760781675566602,0.19287009407257308,
Joint model,manual_200us,54,8192,1458,0.177978515625,0.16984719054423322,0.18641170898319034,
Joint model,manual_200us,55,8192,1439,0.1756591796875,0.16757145020331407,0.18405095163306365,
Joint model,manual_200us,56,8192,1377,0.1680908203125,0.16014906633110057,0.1763437114608117,
Joint model,manual_200us,57,8192,1341,0.1636962890625,0.15584199352442768,0.17186584127392407,
Joint model,manual_200us,58,8192,1297,0.1583251953125,0.15058060017984592,0.16639008207082068,
Joint model,manual_200us,59,8192,1283,0.1566162109375,0.1489071867166544,0.16464712881429425,
Joint model,manual_200us,60,8192,1244,0.15185546875,0.14424728340730084,0.1597900105472905,
Baseline,manual_400us,0,4096,4096,1.0,0.9990630225926348,0.9999999999999999,
Baseline,manual_400us,1,4096,4088,0.998046875,0.9961504506055915,0.9990099820550408,
Baseline,manual_400us,2,4096,4080,0.99609375,0.9936637657680687,0.9975940769605611,
Baseline,manual_400us,3,4096,4071,0.993896484375,0.9910051126562461,0.995862316398881,
Baseline,manual_400us,4,4096,4061,0.991455078125,0.9881397703182205,0.9938494213219035,
Baseline,manual_400us,5,4096,4049,0.988525390625,0.9847756016627256,0.9913597050793945,0.9754984581679081
Baseline,manual_400us,6,4096,4033,0.984619140625,0.9803708517550201,0.9879592751230951,0.9705998473160851
Baseline,manual_400us,7,4096,4014,0.97998046875,0.9752197539009314,0.983841721888678,0.965701236464262
Baseline,manual_400us,8,4096,3999,0.976318359375,0.9711962850581976,0.9805478346089073,0.9601462134514931
Baseline,manual_400us,9,4096,3982,0.97216796875,0.9666710641443907,0.9767800519172087,0.9531600477142115
Baseline,manual_400us,10,4096,3964,0.9677734375,0.9619116249533165,0.9727586637612774,0.9453884279560743
Baseline,manual_400us,11,4096,3948,0.9638671875,0.957703572334836,0.9691615365157528,0.9365212120928308
Baseline,manual_400us,12,4096,3921,0.957275390625,0.9506416766616401,0.9630521911684404,0.9267418612991013
Baseline,manual_400us,13,4096,3898,0.95166015625,0.9446579820358394,0.9578159397397341,0.916118434844783
Baseline,manual_400us,14,4096,3873,0.945556640625,0.9381814914524192,0.9520968367856465,0.9045623193021302
Baseline,manual_400us,15,4096,3845,0.938720703125,0.930956550506342,0.945662712969715,0.8924452896916896
Baseline,manual_400us,16,4096,3815,0.931396484375,0.9232441468884733,0.9387404043425744,0.8798358947257301
Baseline,manual_400us,17,4096,3786,0.92431640625,0.9158129772637488,0.93202468546379,0.8665227804584243
Baseline,manual_400us,18,4096,3729,0.910400390625,0.9012649382880058,0.9187667711740153,0.8532096661911187
Baseline,manual_400us,19,4096,3698,0.90283203125,0.8933804434366174,0.911528730038894,0.8398186922073579
Baseline,manual_400us,20,4096,3641,0.888916015625,0.878925915308623,0.8981773049013707,0.8261946363261939
Baseline,manual_400us,21,4096,3605,0.880126953125,0.8698218505154235,0.889719715000559,0.8125705804450299
Baseline,manual_400us,22,4096,3545,0.865478515625,0.8546859370558118,0.8755862039701523,0.7989465245638661
Baseline,manual_400us,23,4096,3514,0.85791015625,0.8468822673682886,0.8682673376711657,0.7853224686827021
Baseline,manual_400us,24,4096,3469,0.846923828125,0.835572480233076,0.8576250564388646,0.7716984128015381
Baseline,manual_400us,25,4096,3430,0.83740234375,0.8257867156883957,0.8483856950650327,0.7580743569203741
Baseline,manual_400us,26,4096,3379,0.824951171875,0.8130106116158881,0.8362827883210245,0.7444503010392101
Baseline,manual_400us,27,4096,3344,0.81640625,0.8042553041551493,0.8279642648292523,0.7308262451580461
Baseline,manual_400us,28,4096,3286,0.80224609375,0.7897674404539782,0.8141583515234055,0.7172021892768821
Baseline,manual_400us,29,4096,3242,0.79150390625,0.7787929386185892,0.8036686087327809,0.7035781333957181
Baseline,manual_400us,30,4096,3197,0.780517578125,0.7675826213106093,0.7929268576732468,0.690976824346745
Baseline,manual_400us,31,4096,3155,0.770263671875,0.7571314133895528,0.7828894684512904,0.6785987628361974
Baseline,manual_400us,32,4096,3105,0.758056640625,0.7447035368445035,0.7709261579213241,0.6662207013256498
Baseline,manual_400us,33,4096,3072,0.75,0.7365091295956013,0.7630223817007161,0.6538687505023661
Baseline,manual_400us,34,4096,3003,0.733154296875,0.7193948943133442,0.7464767788194518,0.6424108939031938
Baseline,manual_400us,35,4096,2968,0.724609375,0.7107234422491626,0.7380743999311226,0.6309530373040215
Baseline,manual_400us,36,4096,2932,0.7158203125,0.7018107649295181,0.7294254225567559,0.6194951807048493
Baseline,manual_400us,37,4096,2893,0.706298828125,0.6921626221651298,0.7200484394026321,0.6082533143756056
Baseline,manual_400us,38,4096,2850,0.69580078125,0.6815334210038201,0.7097012196794285,0.5977186364273345
Baseline,manual_400us,39,4096,2818,0.68798828125,0.6736289470306165,0.7019953339246221,0.5871839584790634
Baseline,manual_400us,40,4096,2771,0.676513671875,0.6620277298800105,0.6906688352247136,0.5766492805307922
Baseline,manual_400us,41,4096,2744,0.669921875,0.6553676651238056,0.6841576589604101,0.5664993937255545
Baseline,manual_400us,42,4096,2695,0.657958984375,0.643289007521874,0.6723329532288265,0.5568362487224773
Baseline,manual_400us,43,4096,2663,0.650146484375,0.635406452708969,0.6646051483137215,0.5471731037194002
Baseline,manual_400us,44,4096,2611,0.637451171875,0.6226064466839014,0.6520383197807731,0.5375099587163231
Baseline,manual_400us,45,4096,2584,0.630859375,0.6159646802840361,0.6455088451601302,0.5284064900830313
Baseline,manual_400us,46,4096,2544,0.62109375,0.6061304504061003,0.6358301253780534,0.5196065036668983
Baseline,manual_400us,47,4096,2513,0.613525390625,0.5985133200382898,0.6283247197593543,0.5108065172507652
Baseline,manual_400us,48,4096,2459,0.600341796875,0.5852538048721035,0.6152417528845239,0.5020065308346322
Baseline,manual_400us,49,4096,2426,0.59228515625,0.5771563464430918,0.6072410278440254,0.4936342778922275
Baseline,manual_400us,50,4096,2376,0.580078125,0.564895426406652,0.5951107608054497,0.4856254003381626
Baseline,manual_400us,51,4096,2351,0.573974609375,0.5587685274274193,0.5890420662471746,0.47761652278409766
Baseline,manual_400us,52,4096,2313,0.564697265625,0.5494601479190068,0.5798131435785753,0.46960764523003273
Baseline,manual_400us,53,4096,2276,0.5556640625,0.5404019144544365,0.5708218986076341,0.46191798566684333
Baseline,manual_400us,54,4096,2240,0.546875,0.5315933794681682,0.5620687788998913,0.4546508963689007
Baseline,manual_400us,55,4096,2218,0.54150390625,0.5262127443938883,0.5567172916611643,0.44738380707095804
Baseline,manual_400us,56,4096,2173,0.530517578125,0.5152124482004099,0.5457655194871289,0.4401167177730154
Baseline,manual_400us,57,4096,2145,0.523681640625,0.5083715684034792,0.5389473345220509,0.43285437835613794
Baseline,manual_400us,58,4096,2100,0.5126953125,0.49738330356080873,0.5279835309972073,0.42629860286204424
Baseline,manual_400us,59,4096,2081,0.508056640625,0.492746033539374,0.5233521499301362,0.41974282736795054
Baseline,manual_400us,60,4096,2052,0.5009765625,0.48567063330112986,0.5162806616648714,0.41318705187385685
Corrected formulas / controls,manual_400us,0,4096,4096,1.0,0.9990630225926348,0.9999999999999999,
Corrected formulas / controls,manual_400us,1,4096,4087,0.997802734375,0.9958290482073086,0.9988435607118235,
Corrected formulas / controls,manual_400us,2,4096,4078,0.99560546875,0.9930638103960733,0.9972183848495558,
Corrected formulas / controls,manual_400us,3,4096,4074,0.99462890625,0.9918806406223304,0.9964502596572975,
Corrected formulas / controls,manual_400us,4,4096,4059,0.990966796875,0.9875743543279273,0.993439189829196,
Corrected formulas / controls,manual_400us,5,4096,4052,0.9892578125,0.9856107816089336,0.9919879963576875,0.9754984581679081
Corrected formulas / controls,manual_400us,6,4096,4044,0.9873046875,0.9833908284717333,0.9903053595628853,0.9705998473160851
Corrected formulas / controls,manual_400us,7,4096,4038,0.98583984375,0.9817394754367362,0.9890297701488805,0.965701236464262
Corrected formulas / controls,manual_400us,8,4096,4033,0.984619140625,0.9803708517550201,0.9879592751230951,0.9601462134514931
Corrected formulas / controls,manual_400us,9,4096,4025,0.982666015625,0.9781932525333582,0.9862342844127546,0.9531600477142115
Corrected formulas / controls,manual_400us,10,4096,4016,0.98046875,0.9757587986106162,0.9842783246619937,0.9453884279560743
Corrected formulas / controls,manual_400us,11,4096,4008,0.978515625,0.973606447163245,0.9825280861773625,0.9365212120928308
Corrected formulas / controls,manual_400us,12,4096,3996,0.9755859375,0.970395272680658,0.9798853757619459,0.9267418612991013
Corrected formulas / controls,manual_400us,13,4096,3983,0.972412109375,0.9669363760022123,0.9770025638008875,0.916118434844783
Corrected formulas / controls,manual_400us,14,4096,3970,0.96923828125,0.9634948720671381,0.9741023590964577,0.9045623193021302
Corrected formulas / controls,manual_400us,15,4096,3958,0.96630859375,0.960331329020896,0.971412017244696,0.8924452896916896
Corrected formulas / controls,manual_400us,16,4096,3941,0.962158203125,0.9558683230202784,0.9675820196398083,0.8798358947257301
Corrected formulas / controls,manual_400us,17,4096,3926,0.95849609375,0.9519461365874095,0.9641868499501726,0.8665227804584243
Corrected formulas / controls,manual_400us,18,4096,3913,0.955322265625,0.9485573633564719,0.9612339145416062,0.8532096661911187
Corrected formulas / controls,manual_400us,19,4096,3901,0.952392578125,0.9454369948583105,0.9585003981417638,0.8398186922073579
Corrected formulas / controls,manual_400us,20,4096,3881,0.947509765625,0.9402511317503777,0.9539297864196905,0.8261946363261939
Corrected formulas / controls,manual_400us,21,4096,3867,0.944091796875,0.9366308983630394,0.9507204874260244,0.8125705804450299
Corrected formulas / controls,manual_400us,22,4096,3841,0.937744140625,0.9299266208648727,0.9447413476451831,0.7989465245638661
Corrected formulas / controls,manual_400us,23,4096,3821,0.932861328125,0.9247844761276197,0.9401270175524298,0.7853224686827021
Corrected formulas / controls,manual_400us,24,4096,3796,0.9267578125,0.9183729750294912,0.9343429251130505,0.7716984128015381
Corrected formulas / controls,manual_400us,25,4096,3766,0.91943359375,0.9107002413356831,0.9273809465618494,0.7580743569203741
Corrected formulas / controls,manual_400us,26,4096,3740,0.9130859375,0.9040670637073458,0.9213307069111787,0.7444503010392101
Corrected formulas / controls,manual_400us,27,4096,3713,0.906494140625,0.8971933081475053,0.9150332214505107,0.7308262451580461
Corrected formulas / controls,manual_400us,28,4096,3683,0.899169921875,0.8895715160954258,0.9080203012575809,0.7172021892768821
Corrected formulas / controls,manual_400us,29,4096,3662,0.89404296875,0.8842452751338212,0.903102243647679,0.7035781333957181
Corrected formulas / controls,manual_400us,30,4096,3631,0.886474609375,0.8763951832636987,0.895829799531292,0.690976824346745
Corrected formulas / controls,manual_400us,31,4096,3608,0.880859375,0.8705798420416913,0.8904251946987922,0.6785987628361974
Corrected formulas / controls,manual_400us,32,4096,3576,0.873046875,0.8625006218334564,0.8828940551790171,0.6662207013256498
Corrected formulas / controls,manual_400us,33,4096,3558,0.86865234375,0.8579616760370784,0.8786521736283895,0.6538687505023661
Corrected formulas / controls,manual_400us,34,4096,3521,0.859619140625,0.8486434629761094,0.8699209082538472,0.6424108939031938
Corrected formulas / controls,manual_400us,35,4096,3497,0.853759765625,0.8426072438069235,0.8642493576270255,0.6309530373040215
Corrected formulas / controls,manual_400us,36,4096,3460,0.8447265625,0.8333129502985477,0.8554941726998899,0.6194951807048493
Corrected formulas / controls,manual_400us,37,4096,3438,0.83935546875,0.8277928955098375,0.8502821051755933,0.6082533143756056
Corrected formulas / controls,manual_400us,38,4096,3393,0.828369140625,0.8165155484642912,0.8396073838536258,0.5977186364273345
Corrected formulas / controls,manual_400us,39,4096,3362,0.82080078125,0.8087567994345416,0.8322435968968657,0.5871839584790634
Corrected formulas / controls,manual_400us,40,4096,3320,0.810546875,0.7982572531891169,0.8222545459992773,0.5766492805307922
Corrected formulas / controls,manual_400us,41,4096,3287,0.802490234375,0.79001701994858,0.814396595770304,0.5664993937255545
Corrected formulas / controls,manual_400us,42,4096,3246,0.79248046875,0.7797900655759803,0.804622776741391,0.5568362487224773
Corrected formulas / controls,manual_400us,43,4096,3214,0.78466796875,0.7718160622152588,0.7969864203741026,0.5471731037194002
Corrected formulas / controls,manual_400us,44,4096,3167,0.773193359375,0.7601163486735079,0.785758418065339,0.5375099587163231
Corrected formulas / controls,manual_400us,45,4096,3130,0.76416015625,0.7509156145098268,0.7769096737935086,0.5284064900830313
Corrected formulas / controls,manual_400us,46,4096,3080,0.751953125,0.7384950839029597,0.7649390173253602,0.5196065036668983
Corrected formulas / controls,manual_400us,47,4096,3047,0.743896484375,0.7303053240053347,0.757030593753475,0.5108065172507652
Corrected formulas / controls,manual_400us,48,4096,3004,0.7333984375,0.7196427439243488,0.7467167529499475,0.5020065308346322
Corrected formulas / controls,manual_400us,49,4096,2972,0.7255859375,0.7117141450386704,0.739034992107616,0.4936342778922275
Corrected formulas / controls,manual_400us,50,4096,2921,0.713134765625,0.6990887388915414,0.7267813874382292,0.4856254003381626
Corrected formulas / controls,manual_400us,51,4096,2877,0.702392578125,0.688206543546822,0.716199338156935,0.47761652278409766
Corrected formulas / controls,manual_400us,52,4096,2835,0.692138671875,0.6778276085147122,0.7060896760460317,0.46960764523003273
Corrected formulas / controls,manual_400us,53,4096,2796,0.6826171875,0.6681973483087021,0.6966948103335296,0.46191798566684333
Corrected formulas / controls,manual_400us,54,4096,2752,0.671875,0.6573406824175613,0.6860872315986569,0.4546508963689007
Corrected formulas / controls,manual_400us,55,4096,2705,0.660400390625,0.6457531988169075,0.6747469993487961,0.44738380707095804
Corrected formulas / controls,manual_400us,56,4096,2641,0.644775390625,0.6299896954135263,0.6592897832961574,0.4401167177730154
Corrected formulas / controls,manual_400us,57,4096,2602,0.63525390625,0.6203921940593463,0.6498621587318253,0.43285437835613794
Corrected formulas / controls,manual_400us,58,4096,2555,0.623779296875,0.6088342228320661,0.6384924141085909,0.42629860286204424
Corrected formulas / controls,manual_400us,59,4096,2517,0.614501953125,0.5994959615677019,0.6292933731959435,0.41974282736795054
Corrected formulas / controls,manual_400us,60,4096,2463,0.601318359375,0.5862356010713923,0.6162112516512364,0.41318705187385685
Joint model,manual_400us,0,8192,8192,1.0,0.9995312917117791,1.0,
Joint model,manual_400us,1,8192,8163,0.9964599609375,0.9949205454221596,0.997533986655918,
Joint model,manual_400us,2,8192,8104,0.9892578125,0.9867849574371341,0.9912720291792747,
Joint model,manual_400us,3,8192,8064,0.984375,0.9814534046803112,0.9868425341654747,
Joint model,manual_400us,4,8192,7997,0.9761962890625,0.9726653380469892,0.9792808457830036,
Joint model,manual_400us,5,8192,7963,0.9720458984375,0.9682490336715185,0.9754002595534447,0.9754984581679081
Joint model,manual_400us,6,8192,7909,0.9654541015625,0.9612761188862602,0.9691957598483623,0.9705998473160851
Joint model,manual_400us,7,8192,7873,0.9610595703125,0.9566497018681261,0.9650372338729358,0.965701236464262
Joint model,manual_400us,8,8192,7807,0.9530029296875,0.9482039106130942,0.95737729630644,0.9601462134514931
Joint model,manual_400us,9,8192,7761,0.9473876953125,0.942339986435848,0.9520160155474698,0.9531600477142115
Joint model,manual_400us,10,8192,7714,0.941650390625,0.9363644095067715,0.9465223613460646,0.9453884279560743
Joint model,manual_400us,11,8192,7665,0.9356689453125,0.9301492517044774,0.9407802356293458,0.9365212120928308
Joint model,manual_400us,12,8192,7606,0.928466796875,0.9226829469944021,0.9338489948777523,0.9267418612991013
Joint model,manual_400us,13,8192,7563,0.9232177734375,0.9172518657897055,0.9287869497290293,0.916118434844783
Joint model,manual_400us,14,8192,7488,0.9140625,0.907797531493783,0.919939319455034,0.9045623193021302
Joint model,manual_400us,15,8192,7428,0.90673828125,0.9002490542409659,0.9128462250519168,0.8924452896916896
Joint model,manual_400us,16,8192,7345,0.8966064453125,0.8898262084875134,0.9030148966813271,0.8798358947257301
Joint model,manual_400us,17,8192,7296,0.890625,0.8836823705533284,0.8972014510964988,0.8665227804584243
Joint model,manual_400us,18,8192,7217,0.8809814453125,0.8737902146078005,0.8878155376950467,0.8532096661911187
Joint model,manual_400us,19,8192,7165,0.8746337890625,0.8672871091310715,0.8816292810699661,0.8398186922073579
Joint model,manual_400us,20,8192,7105,0.8673095703125,0.8597909602071233,0.87448385833798,0.8261946363261939
Joint model,manual_400us,21,8192,7036,0.85888671875,0.8511795473102517,0.8662574638305272,0.8125705804450299
Joint model,manual_400us,22,8192,6947,0.8480224609375,0.8400854152721026,0.8556332645790404,0.7989465245638661
Joint model,manual_400us,23,8192,6877,0.8394775390625,0.8313694544207377,0.8472673918318154,0.7853224686827021
Joint model,manual_400us,24,8192,6791,0.8289794921875,0.8206721551038905,0.8369784384418235,0.7716984128015381
Joint model,manual_400us,25,8192,6722,0.820556640625,0.8120975546974555,0.828715231443934,0.7580743569203741
Joint model,manual_400us,26,8192,6631,0.8094482421875,0.8007993526858542,0.8178070497773683,0.7444503010392101
Joint model,manual_400us,27,8192,6567,0.8016357421875,0.792860010200175,0.810128715830051,0.7308262451580461
Joint model,manual_400us,28,8192,6484,0.79150390625,0.7825713976778742,0.8001631542283095,0.7172021892768821
Joint model,manual_400us,29,8192,6415,0.7830810546875,0.7740245394084024,0.7918722050934568,0.7035781333957181
Joint model,manual_400us,30,8192,6346,0.774658203125,0.7654831633771374,0.7835757737203976,0.690976824346745
Joint model,manual_400us,31,8192,6275,0.7659912109375,0.7566997026041832,0.7750333747004962,0.6785987628361974
Joint model,manual_400us,32,8192,6174,0.753662109375,0.7442140988774221,0.7628723328064345,0.6662207013256498
Joint model,manual_400us,33,8192,6116,0.74658203125,0.7370488290610484,0.755884083355405,0.6538687505023661
Joint model,manual_400us,34,8192,6036,0.73681640625,0.7271710867765552,0.7462397300986526,0.6424108939031938
Joint model,manual_400us,35,8192,5964,0.72802734375,0.7182862909170934,0.7375546399709932,0.6309530373040215
Joint model,manual_400us,36,8192,5883,0.7181396484375,0.7082965583131206,0.7277782508394549,0.6194951807048493
Joint model,manual_400us,37,8192,5822,0.710693359375,0.7007772704459284,0.7204119408564472,0.6082533143756056
Joint model,manual_400us,38,8192,5741,0.7008056640625,0.6907976027743404,0.710625486792524,0.5977186364273345
Joint model,manual_400us,39,8192,5676,0.69287109375,0.6827932191469988,0.7027681677926034,0.5871839584790634
Joint model,manual_400us,40,8192,5600,0.68359375,0.6734386423368085,0.6935767538386103,0.5766492805307922
Joint model,manual_400us,41,8192,5545,0.6768798828125,0.6666717761793495,0.686922179311463,0.5664993937255545
Joint model,manual_400us,42,8192,5460,0.66650390625,0.6562185678570802,0.6766331611211587,0.5568362487224773
Joint model,manual_400us,43,8192,5394,0.658447265625,0.6481057991632714,0.6686402009934399,0.5471731037194002
Joint model,manual_400us,44,8192,5326,0.650146484375,0.6397506322152298,0.6604015867314226,0.5375099587163231
Joint model,manual_400us,45,8192,5263,0.6424560546875,0.6320128836269985,0.6527656850809229,0.5284064900830313
Joint model,manual_400us,46,8192,5168,0.630859375,0.6203503326845239,0.6412457475681683,0.5196065036668983
Joint model,manual_400us,47,8192,5121,0.6251220703125,0.6145828409156282,0.6355440082065822,0.5108065172507652
Joint model,manual_400us,48,8192,5057,0.6173095703125,0.6067317564189478,0.6277774162702658,0.5020065308346322
Joint model,manual_400us,49,8192,5008,0.611328125,0.6007227153590085,0.6218291738111923,0.4936342778922275
Joint model,manual_400us,50,8192,4926,0.601318359375,0.5906705006024633,0.6118712406379607,0.4856254003381626
Joint model,manual_400us,51,8192,4864,0.59375,0.5830731146753111,0.6043390025206475,0.47761652278409766
Joint model,manual_400us,52,8192,4781,0.5836181640625,0.5729065116042006,0.5942514314677155,0.46960764523003273
Joint model,manual_400us,53,8192,4717,0.5758056640625,0.565070371503506,0.5864698951354136,0.46191798566684333
Joint model,manual_400us,54,8192,4654,0.568115234375,0.5573593428677425,0.5788072735324462,0.4546508963689007
Joint model,manual_400us,55,8192,4606,0.562255859375,0.5514860413969075,0.5729673176785338,0.44738380707095804
Joint model,manual_400us,56,8192,4534,0.553466796875,0.5426789393028859,0.5642045337854342,0.4401167177730154
Joint model,manual_400us,57,8192,4475,0.5462646484375,0.5354645450626815,0.5570213825639699,0.43285437835613794
Joint model,manual_400us,58,8192,4388,0.53564453125,0.5248305171979532,0.5464251315275935,0.42629860286204424
Joint model,manual_400us,59,8192,4338,0.529541015625,0.518721234314931,0.5403331046973372,0.41974282736795054
Joint model,manual_400us,60,8192,4260,0.52001953125,0.5091939882402429,0.5308263076193108,0.41318705187385685
Baseline,manual_600us,0,4096,4096,1.0,0.9990630225926348,0.9999999999999999,
Baseline,manual_600us,1,4096,4094,0.99951171875,0.9982212896544476,0.9998660854551866,
Baseline,manual_600us,2,4096,4088,0.998046875,0.9961504506055915,0.9990099820550408,
Baseline,manual_600us,3,4096,4085,0.997314453125,0.9951972177470491,0.9984997436890822,
Baseline,manual_600us,4,4096,4075,0.994873046875,0.9921745882319427,0.9966441357891856,
Baseline,manual_600us,5,4096,4071,0.993896484375,0.9910051126562461,0.995862316398881,0.9823635824886283
Baseline,manual_600us,6,4096,4065,0.992431640625,0.9892775496501616,0.9946629369559636,0.9806852336457315
Baseline,manual_600us,7,4096,4057,0.990478515625,0.9870110133784079,0.9930268832957149,0.9790068848028346
Baseline,manual_600us,8,4096,4051,0.989013671875,0.9853320021138738,0.991778952111247,0.9773285359599378
Baseline,manual_600us,9,4096,4049,0.988525390625,0.9847756016627256,0.9913597050793945,0.975650187117041
Baseline,manual_600us,10,4096,4040,0.986328125,0.9822887695283722,0.9894561235402453,0.9729011606917161
Baseline,manual_600us,11,4096,4036,0.9853515625,0.9811912611355577,0.9886023369670586,0.9697618094466128
Baseline,manual_600us,12,4096,4024,0.982421875,0.9779220041441211,0.9860177090604912,0.9658976098642174
Baseline,manual_600us,13,4096,4021,0.981689453125,0.9771094258840555,0.9853668160960561,0.961362646759148
Baseline,manual_600us,14,4096,4012,0.9794921875,0.9746813618391824,0.9834044664674263,0.9563860541298348
Baseline,manual_600us,15,4096,4008,0.978515625,0.973606447163245,0.9825280861773625,0.9504226992430214
Baseline,manual_600us,16,4096,4001,0.976806640625,0.9717309295309884,0.9809888376191169,0.944329268759075
Baseline,manual_600us,17,4096,3996,0.9755859375,0.970395272680658,0.9798853757619459,0.9370161811178718
Baseline,manual_600us,18,4096,3990,0.97412109375,0.9687965056840521,0.9785572003095498,0.9297030934766687
Baseline,manual_600us,19,4096,3986,0.97314453125,0.9677329319802243,0.9776694790473764,0.921737002641002
Baseline,manual_600us,20,4096,3983,0.972412109375,0.9669363760022123,0.9770025638008875,0.9132748420685087
Baseline,manual_600us,21,4096,3978,0.97119140625,0.9656108163160309,0.9758890047795674,0.9048126814960156
Baseline,manual_600us,22,4096,3966,0.96826171875,0.9624390364554394,0.973206899742155,0.8959860720072557
Baseline,manual_600us,23,4096,3959,0.966552734375,0.9605945147420692,0.971636655265023,0.8866271076391995
Baseline,manual_600us,24,4096,3953,0.965087890625,0.9590165375678266,0.9702876899902639,0.8772681432711432
Baseline,manual_600us,25,4096,3947,0.963623046875,0.9574411905686989,0.9689360945403896,0.867909178903087
Baseline,manual_600us,26,4096,3943,0.962646484375,0.9563923454033983,0.968033644739689,0.8584973288564335
Baseline,manual_600us,27,4096,3933,0.960205078125,0.9537747892075905,0.9657729635204937,0.8489608984789384
Baseline,manual_600us,28,4096,3927,0.958740234375,0.9522071977207031,0.9644136125583794,0.8394244681014434
Baseline,manual_600us,29,4096,3921,0.957275390625,0.9506416766616401,0.9630521911684404,0.8298880377239485
Baseline,manual_600us,30,4096,3913,0.955322265625,0.9485573633564719,0.9612339145416062,0.8203516073464534
Baseline,manual_600us,31,4096,3910,0.95458984375,0.947776604127552,0.9605512025460251,0.8108151769689584
Baseline,manual_600us,32,4096,3898,0.95166015625,0.9446579820358394,0.9578159397397341,0.8012787465914635
Baseline,manual_600us,33,4096,3892,0.9501953125,0.9431011870208181,0.9564457923057534,0.7917423162139684
Baseline,manual_600us,34,4096,3884,0.9482421875,0.9410279137807931,0.954616475613776,0.7822058858364734
Baseline,manual_600us,35,4096,3881,0.947509765625,0.9402511317503777,0.9539297864196905,0.7726694554589784
Baseline,manual_600us,36,4096,3875,0.946044921875,0.9386986636872588,0.9525553120338074,0.7631330250814834
Baseline,manual_600us,37,4096,3868,0.9443359375,0.9368892357284203,0.9509499738021437,0.7535965947039884
Baseline,manual_600us,38,4096,3862,0.94287109375,0.9353397677479732,0.9495724993335891,0.7440601643264934
Baseline,manual_600us,39,4096,3850,0.93994140625,0.9322447036840906,0.9468136784994678,0.7345430125220827
Baseline,manual_600us,40,4096,3838,0.93701171875,0.9291545119210666,0.9440499853644883,0.7258406564018469
Baseline,manual_600us,41,4096,3832,0.935546875,0.9276111437221689,0.942666411114384,0.7171383002816111
Baseline,manual_600us,42,4096,3819,0.932373046875,0.9242709187774049,0.9396649274196441,0.7084359441613753
Baseline,manual_600us,43,4096,3813,0.930908203125,0.9227309300951754,0.9382779736528717,0.6997335880411396
Baseline,manual_600us,44,4096,3800,0.927734375,0.9193976865076721,0.9352695086008709,0.6910312319209039
Baseline,manual_600us,45,4096,3793,0.926025390625,0.9176047113945596,0.9336477175234812,0.6829493785903379
Baseline,manual_600us,46,4096,3781,0.923095703125,0.9145339056289837,0.9308646383910534,0.6748904746341782
Baseline,manual_600us,47,4096,3775,0.921630859375,0.9129998108302356,0.9294717907407996,0.6668315706780185
Baseline,manual_600us,48,4096,3763,0.918701171875,0.9099341270902004,0.9266835895828311,0.6587726667218587
Baseline,manual_600us,49,4096,3755,0.916748046875,0.9078921282737603,0.9248229984672688,0.6507137627656991
Baseline,manual_600us,50,4096,3747,0.914794921875,0.9058515084760029,0.9229610283330237,0.6432418579520525
Baseline,manual_600us,51,4096,3741,0.913330078125,0.9043219227972369,0.9215636715627878,0.6358297761184506
Baseline,manual_600us,52,4096,3732,0.9111328125,0.9020289161772014,0.9194662645093207,0.6284176942848487
Baseline,manual_600us,53,4096,3724,0.9091796875,0.8999920309339198,0.9176005598205996,0.6210056124512469
Baseline,manual_600us,54,4096,3713,0.906494140625,0.8971933081475053,0.9150332214505107,0.613593530617645
Baseline,manual_600us,55,4096,3706,0.90478515625,0.8954134685370875,0.9133982948704263,0.6067210232821612
Baseline,manual_600us,56,4096,3692,0.9013671875,0.8918564110099307,0.9101258200165789,0.5999432193778713
Baseline,manual_600us,57,4096,3683,0.899169921875,0.8895715160954258,0.9080203012575809,0.5931654154735814
Baseline,manual_600us,58,4096,3678,0.89794921875,0.8883027153973586,0.9068499832481467,0.5863876115692915
Baseline,manual_600us,59,4096,3666,0.89501953125,0.8852592531857103,0.9040395605617911,0.5796098076650016
Baseline,manual_600us,60,4096,3659,0.893310546875,0.8834849554963446,0.9023990920606546,0.5730638864114106
Corrected formulas / controls,manual_600us,0,4096,4096,1.0,0.9990630225926348,0.9999999999999999,
Corrected formulas / controls,manual_600us,1,4096,4093,0.999267578125,0.9978486714629491,0.9997508799051849,
Corrected formulas / controls,manual_600us,2,4096,4090,0.99853515625,0.9968075986857966,0.9993284814578364,
Corrected formulas / controls,manual_600us,3,4096,4085,0.997314453125,0.9951972177470491,0.9984997436890822,
Corrected formulas / controls,manual_600us,4,4096,4074,0.99462890625,0.9918806406223304,0.9964502596572975,
Corrected formulas / controls,manual_600us,5,4096,4072,0.994140625,0.9912959670744264,0.996059285722201,0.9823635824886283
Corrected formulas / controls,manual_600us,6,4096,4066,0.99267578125,0.9895635962243474,0.994864714123278,0.9806852336457315
Corrected formulas / controls,manual_600us,7,4096,4061,0.991455078125,0.9881397703182205,0.9938494213219035,0.9790068848028346
Corrected formulas / controls,manual_600us,8,4096,4056,0.990234375,0.9867300726317991,0.9928200003008232,0.9773285359599378
Corrected formulas / controls,manual_600us,9,4096,4052,0.9892578125,0.9856107816089336,0.9919879963576875,0.975650187117041
Corrected formulas / controls,manual_600us,10,4096,4049,0.988525390625,0.9847756016627256,0.9913597050793945,0.9729011606917161
Corrected formulas / controls,manual_600us,11,4096,4043,0.987060546875,0.983114860378963,0.9900935039141554,0.9697618094466128
Corrected formulas / controls,manual_600us,12,4096,4037,0.985595703125,0.9814652366612112,0.9888161851829053,0.9658976098642174
Corrected formulas / controls,manual_600us,13,4096,4032,0.984375,0.9800978681444444,0.9877444349921706,0.961362646759148
Corrected formulas / controls,manual_600us,14,4096,4028,0.9833984375,0.9790082213211099,0.9868827868495039,0.9563860541298348
Corrected formulas / controls,manual_600us,15,4096,4023,0.982177734375,0.9776509528256319,0.9858009366374803,0.9504226992430214
Corrected formulas / controls,manual_600us,16,4096,4015,0.980224609375,0.9754891932191522,0.9840601063119575,0.944329268759075
Corrected formulas / controls,manual_600us,17,4096,4010,0.97900390625,0.9741435999816663,0.9829665808419419,0.9370161811178718
Corrected formulas / controls,manual_600us,18,4096,4005,0.977783203125,0.9728018164634368,0.9818692456526698,0.9297030934766687
Corrected formulas / controls,manual_600us,19,4096,3997,0.975830078125,0.9706621520616038,0.9801063201225003,0.921737002641002
Corrected formulas / controls,manual_600us,20,4096,3992,0.974609375,0.9693289612445153,0.9790003922320873,0.9132748420685087
Corrected formulas / controls,manual_600us,21,4096,3988,0.9736328125,0.9682644999293395,0.9781135585812619,0.9048126814960156
Corrected formulas / controls,manual_600us,22,4096,3977,0.970947265625,0.9653459981138298,0.975665999240268,0.8959860720072557
Corrected formulas / controls,manual_600us,23,4096,3968,0.96875,0.9629667829716362,0.9736548007089589,0.8866271076391995
Corrected formulas / controls,manual_600us,24,4096,3958,0.96630859375,0.960331329020896,0.971412017244696,0.8772681432711432
Corrected formulas / controls,manual_600us,25,4096,3949,0.964111328125,0.9579660236105576,0.9693869089815317,0.867909178903087
Corrected formulas / controls,manual_600us,26,4096,3940,0.9619140625,0.9556064097149912,0.9673561092035952,0.8584973288564335
Corrected formulas / controls,manual_600us,27,4096,3931,0.959716796875,0.9532520220922961,0.9653200831527876,0.8489608984789384
Corrected formulas / controls,manual_600us,28,4096,3922,0.95751953125,0.9509024574310025,0.9632792341405783,0.8394244681014434
Corrected formulas / controls,manual_600us,29,4096,3908,0.9541015625,0.947256349406498,0.9600958097840784,0.8298880377239485
Corrected formulas / controls,manual_600us,30,4096,3897,0.951416015625,0.9443984033341,0.9575876946999731,0.8203516073464534
Corrected formulas / controls,manual_600us,31,4096,3886,0.94873046875,0.9415459763729898,0.9550740605045799,0.8108151769689584
Corrected formulas / controls,manual_600us,32,4096,3868,0.9443359375,0.9368892357284203,0.9509499738021437,0.8012787465914635
Corrected formulas / controls,manual_600us,33,4096,3856,0.94140625,0.9337916055815723,0.9481937190509881,0.7917423162139684
Corrected formulas / controls,manual_600us,34,4096,3842,0.93798828125,0.9301840545949541,0.9449717376566019,0.7822058858364734
Corrected formulas / controls,manual_600us,35,4096,3831,0.935302734375,0.9273540238865371,0.9424357072085155,0.7726694554589784
Corrected formulas / controls,manual_600us,36,4096,3816,0.931640625,0.9235007973638772,0.9389715776086708,0.7631330250814834
Corrected formulas / controls,manual_600us,37,4096,3805,0.928955078125,0.9206791651962416,0.936427148619803,0.7535965947039884
Corrected formulas / controls,manual_600us,38,4096,3785,0.924072265625,0.9155571142869631,0.9317927246990753,0.7440601643264934
Corrected formulas / controls,manual_600us,39,4096,3764,0.9189453125,0.9101894761317266,0.9269160642828052,0.7345430125220827
Corrected formulas / controls,manual_600us,40,4096,3749,0.915283203125,0.9063615365223625,0.9234266477696647,0.7258406564018469
Corrected formulas / controls,manual_600us,41,4096,3730,0.91064453125,0.9015195779849158,0.9189999552186056,0.7171383002816111
Corrected formulas / controls,manual_600us,42,4096,3698,0.90283203125,0.8933804434366174,0.911528730038894,0.7084359441613753
Corrected formulas / controls,manual_600us,43,4096,3672,0.896484375,0.8867806948121609,0.9054450613843424,0.6997335880411396
Corrected formulas / controls,manual_600us,44,4096,3655,0.892333984375,0.882471412102709,0.9014613404882891,0.6910312319209039
Corrected formulas / controls,manual_600us,45,4096,3632,0.88671875,0.8766481917015035,0.8960646148349874,0.6829493785903379
Corrected formulas / controls,manual_600us,46,4096,3605,0.880126953125,0.8698218505154235,0.889719715000559,0.6748904746341782
Corrected formulas / controls,manual_600us,47,4096,3579,0.873779296875,0.863257496456122,0.8836006517808525,0.6668315706780185
Corrected formulas / controls,manual_600us,48,4096,3535,0.863037109375,0.8521674580739187,0.8732264455370422,0.6587726667218587
Corrected formulas / controls,manual_600us,49,4096,3514,0.85791015625,0.8468822673682886,0.8682673376711657,0.6507137627656991
Corrected formulas / controls,manual_600us,50,4096,3486,0.85107421875,0.8398426474121886,0.861647892865257,0.6432418579520525
Corrected formulas / controls,manual_600us,51,4096,3460,0.8447265625,0.8333129502985477,0.8554941726998899,0.6358297761184506
Corrected formulas / controls,manual_600us,52,4096,3428,0.8369140625,0.8252852616570167,0.847911501613411,0.6284176942848487
Corrected formulas / controls,manual_600us,53,4096,3398,0.82958984375,0.8177677129585759,0.8407943380668426,0.6210056124512469
Corrected formulas / controls,manual_600us,54,4096,3357,0.819580078125,0.8075061249499628,0.831055152673943,0.613593530617645
Corrected formulas / controls,manual_600us,55,4096,3325,0.811767578125,0.7995064825045964,0.8234444353912994,0.6067210232821612
Corrected formulas / controls,manual_600us,56,4096,3282,0.80126953125,0.7887691944326741,0.8132053025787084,0.5999432193778713
Corrected formulas / controls,manual_600us,57,4096,3241,0.791259765625,0.7785436738827836,0.8034300497270863,0.5931654154735814
Corrected formulas / controls,manual_600us,58,4096,3198,0.78076171875,0.7678315954900599,0.7931657072352967,0.5863876115692915
Corrected formulas / controls,manual_600us,59,4096,3169,0.773681640625,0.7606139243826091,0.7862364898392384,0.5796098076650016
Corrected formulas / controls,manual_600us,60,4096,3121,0.761962890625,0.7486788430446075,0.774756031585225,0.5730638864114106
Joint model,manual_600us,0,8192,8192,1.0,0.9995312917117791,1.0,
Joint model,manual_600us,1,8192,8157,0.9957275390625,0.9940641146570153,0.9969262602554687,
Joint model,manual_600us,2,8192,8101,0.9888916015625,0.9863818247079311,0.990943083325681,
Joint model,manual_600us,3,8192,8078,0.986083984375,0.9833098434607639,0.98840246210474,
Joint model,manual_600us,4,8192,8021,0.9791259765625,0.9757981769974857,0.9820046354948806,
Joint model,manual_600us,5,8192,7984,0.974609375,0.9709739884249091,0.9777998548796312,0.9823635824886283
Joint model,manual_600us,6,8192,7931,0.9681396484375,0.9641116084577119,0.971728846550753,0.9806852336457315
Joint model,manual_600us,7,8192,7892,0.96337890625,0.9590894698350327,0.967233963597075,0.9790068848028346
Joint model,manual_600us,8,8192,7826,0.955322265625,0.9506310424549985,0.9595866621555814,0.9773285359599378
Joint model,manual_600us,9,8192,7776,0.94921875,0.9442503354807397,0.9537660594165618,0.975650187117041
Joint model,manual_600us,10,8192,7714,0.941650390625,0.9363644095067715,0.9465223613460646,0.9729011606917161
Joint model,manual_600us,11,8192,7674,0.936767578125,0.9312897775871168,0.9418359454950963,0.9697618094466128
Joint model,manual_600us,12,8192,7618,0.929931640625,0.9242001127679833,0.935260143435358,0.9658976098642174
Joint model,manual_600us,13,8192,7574,0.924560546875,0.9186404308684963,0.9300826727871598,0.961362646759148
Joint model,manual_600us,14,8192,7521,0.9180908203125,0.9119547149585658,0.923835000401015,0.9563860541298348
Joint model,manual_600us,15,8192,7463,0.9110107421875,0.9046508156396316,0.9169853804525461,0.9504226992430214
Joint model,manual_600us,16,8192,7392,0.90234375,0.8957257120045254,0.9085846242947968,0.944329268759075
Joint model,manual_600us,17,8192,7334,0.895263671875,0.8884464013530252,0.9017104156788939,0.9370161811178718
Joint model,manual_600us,18,8192,7261,0.8863525390625,0.8792978374855236,0.8930450673650088,0.9297030934766687
Joint model,manual_600us,19,8192,7214,0.880615234375,0.8734148652170631,0.8874588085029874,0.921737002641002
Joint model,manual_600us,20,8192,7118,0.868896484375,0.8614144769478245,0.8760326821227313,0.9132748420685087
Joint model,manual_600us,21,8192,7063,0.8621826171875,0.8545481090239299,0.8694776093620195,0.9048126814960156
Joint model,manual_600us,22,8192,6998,0.854248046875,0.846440957487745,0.8617230582709423,0.8959860720072557
Joint model,manual_600us,23,8192,6936,0.8466796875,0.8387152138261722,0.8543191778880497,0.8866271076391995
Joint model,manual_600us,24,8192,6866,0.838134765625,0.8300005426154732,0.8459520155001586,0.8772681432711432
Joint model,manual_600us,25,8192,6794,0.829345703125,0.8210451238718068,0.8373375482567038,0.867909178903087
Joint model,manual_600us,26,8192,6703,0.8182373046875,0.8097376414018974,0.8264386470484463,0.8584973288564335
Joint model,manual_600us,27,8192,6645,0.8111572265625,0.8025368014917689,0.8194859676911717,0.8489608984789384
Joint model,manual_600us,28,8192,6560,0.80078125,0.7919919646794072,0.8092885779909599,0.8394244681014434
Joint model,manual_600us,29,8192,6492,0.79248046875,0.7835627032576642,0.801124058202644,0.8298880377239485
Joint model,manual_600us,30,8192,6425,0.7843017578125,0.7752628693538274,0.7930741370906876,0.8203516073464534
Joint model,manual_600us,31,8192,6360,0.7763671875,0.767215763832641,0.785259539984612,0.8108151769689584
Joint model,manual_600us,32,8192,6265,0.7647705078125,0.7554630304120465,0.773829784949977,0.8012787465914635
Joint model,manual_600us,33,8192,6197,0.7564697265625,0.7470564321071199,0.7656426020448449,0.7917423162139684
Joint model,manual_600us,34,8192,6097,0.7442626953125,0.7347023064343713,0.7535941082910363,0.7822058858364734
Joint model,manual_600us,35,8192,6017,0.7344970703125,0.7248260189442551,0.7439483002399069,0.7726694554589784
Joint model,manual_600us,36,8192,5939,0.7249755859375,0.715202409051177,0.7345378669802705,0.7631330250814834
Joint model,manual_600us,37,8192,5882,0.718017578125,0.7081732649596536,0.7276575179986563,0.7535965947039884
Joint model,manual_600us,38,8192,5798,0.707763671875,0.6978197481015965,0.7175128345384053,0.7440601643264934
Joint model,manual_600us,39,8192,5738,0.700439453125,0.6904280922184604,0.7102629187656072,0.7345430125220827
Joint model,manual_600us,40,8192,5654,0.690185546875,0.6800848327624808,0.7001079779032789,0.7258406564018469
Joint model,manual_600us,41,8192,5594,0.682861328125,0.6727003216968143,0.6928509173130112,0.7171383002816111
Joint model,manual_600us,42,8192,5517,0.6734619140625,0.6632277443440772,0.6835334777072993,0.7084359441613753
Joint model,manual_600us,43,8192,5465,0.6671142578125,0.6568333073296333,0.6772385526199334,0.6997335880411396
Joint model,manual_600us,44,8192,5379,0.6566162109375,0.6462624492996023,0.6668231579431254,0.6910312319209039
Joint model,manual_600us,45,8192,5308,0.64794921875,0.6375395478835841,0.658220199566288,0.6829493785903379
Joint model,manual_600us,46,8192,5233,0.6387939453125,0.6283292654641901,0.6491285174157642,0.6748904746341782
Joint model,manual_600us,47,8192,5168,0.630859375,0.6203503326845239,0.6412457475681683,0.6668315706780185
Joint model,manual_600us,48,8192,5095,0.6219482421875,0.6113929888291355,0.63238917924217,0.6587726667218587
Joint model,manual_600us,49,8192,5028,0.61376953125,0.6031751825297038,0.6242572305258085,0.6507137627656991
Joint model,manual_600us,50,8192,4957,0.6051025390625,0.5944701819872354,0.6156363712754213,0.6432418579520525
Joint model,manual_600us,51,8192,4898,0.597900390625,0.587239097672135,0.608469910128853,0.6358297761184506
Joint model,manual_600us,52,8192,4822,0.588623046875,0.5779279860133133,0.5992350310234913,0.6284176942848487
Joint model,manual_600us,53,8192,4762,0.581298828125,0.5705798708094256,0.5919415745714447,0.6210056124512469
Joint model,manual_600us,54,8192,4697,0.5733642578125,0.5626221396306055,0.5840376031230028,0.613593530617645
Joint model,manual_600us,55,8192,4639,0.5662841796875,0.5555237723383002,0.5769824511479049,0.6067210232821612
Joint model,manual_600us,56,8192,4569,0.5577392578125,0.5469597433860687,0.5684646465015464,0.5999432193778713
Joint model,manual_600us,57,8192,4525,0.5523681640625,0.5415782911139507,0.5631089462259792,0.5931654154735814
Joint model,manual_600us,58,8192,4452,0.54345703125,0.5326527706576313,0.5542205545009121,0.5863876115692915
Joint model,manual_600us,59,8192,4394,0.536376953125,0.5255637402390358,0.5471560656521044,0.5796098076650016
Joint model,manual_600us,60,8192,4315,0.5267333984375,0.515911508663129,0.537530227881031,0.5730638864114106
Baseline,ml_400us,0,4096,4096,1.0,0.9990630225926348,0.9999999999999999,
Baseline,ml_400us,1,4096,4092,0.9990234375,0.9974915571936952,0.9996201704329383,
Baseline,ml_400us,2,4096,4080,0.99609375,0.9936637657680687,0.9975940769605611,
Baseline,ml_400us,3,4096,4076,0.9951171875,0.9924697076331114,0.9968368401295172,
Baseline,ml_400us,4,4096,4073,0.994384765625,0.991587789433178,0.9962552871049496,
Baseline,ml_400us,5,4096,4071,0.993896484375,0.9910051126562461,0.995862316398881,0.9855655915260485
Baseline,ml_400us,6,4096,4069,0.993408203125,0.9904260923610462,0.9954656892110803,0.9835379965074582
Baseline,ml_400us,7,4096,4069,0.993408203125,0.9904260923610462,0.9954656892110803,0.9815104014888678
Baseline,ml_400us,8,4096,4067,0.992919921875,0.9898503448988859,0.9950657891902398,0.9794828064702775
Baseline,ml_400us,9,4096,4066,0.99267578125,0.9895635962243474,0.994864714123278,0.9774552114516871
Baseline,ml_400us,10,4096,4063,0.991943359375,0.9887074354065306,0.9942574037165939,0.9754276164330968
Baseline,ml_400us,11,4096,4062,0.99169921875,0.9884233098915096,0.9940537054901146,0.9734000214145064
Baseline,ml_400us,12,4096,4061,0.991455078125,0.9881397703182205,0.9938494213219035,0.9713724263959161
Baseline,ml_400us,13,4096,4059,0.990966796875,0.9875743543279273,0.993439189829196,0.9693448313773259
Baseline,ml_400us,14,4096,4058,0.99072265625,0.987292434466316,0.993233285949307,0.9669722702393174
Baseline,ml_400us,15,4096,4056,0.990234375,0.9867300726317991,0.9928200003008232,0.9638289283267651
Baseline,ml_400us,16,4096,4055,0.989990234375,0.9864495949105299,0.9926126542805922,0.9606855864142128
Baseline,ml_400us,17,4096,4053,0.989501953125,0.9858899643168433,0.9921966373912783,0.9573957749820103
Baseline,ml_400us,18,4096,4049,0.988525390625,0.9847756016627256,0.9913597050793945,0.953257929413509
Baseline,ml_400us,19,4096,4046,0.98779296875,0.983943722660208,0.9907281128574114,0.9491200838450077
Baseline,ml_400us,20,4096,4045,0.987548828125,0.9836671128801424,0.9905168988959765,0.9449822382765063
Baseline,ml_400us,21,4096,4044,0.9873046875,0.9833908284717333,0.9903053595628853,0.9399029981629188
Baseline,ml_400us,22,4096,4043,0.987060546875,0.983114860378963,0.9900935039141554,0.9348097891884123
Baseline,ml_400us,23,4096,4037,0.985595703125,0.9814652366612112,0.9888161851829053,0.9297165802139058
Baseline,ml_400us,24,4096,4034,0.98486328125,0.9806440746636242,0.9881738759559913,0.9238979641542496
Baseline,ml_400us,25,4096,4032,0.984375,0.9800978681444444,0.9877444349921706,0.917927326230651
Baseline,ml_400us,26,4096,4029,0.983642578125,0.9792802999311276,0.9870985319809864,0.9119566883070523
Baseline,ml_400us,27,4096,4028,0.9833984375,0.9790082213211099,0.9868827868495039,0.9059602312435521
Baseline,ml_400us,28,4096,4024,0.982421875,0.9779220041441211,0.9860177090604912,0.8992366013588445
Baseline,ml_400us,29,4096,4021,0.981689453125,0.9771094258840555,0.9853668160960561,0.8925129714741369
Baseline,ml_400us,30,4096,4016,0.98046875,0.9757587986106162,0.9842783246619937,0.8857893415894292
Baseline,ml_400us,31,4096,4014,0.97998046875,0.9752197539009314,0.983841721888678,0.8790657117047216
Baseline,ml_400us,32,4096,4013,0.979736328125,0.9749504777230061,0.9836231743251028,0.8721899280239085
Baseline,ml_400us,33,4096,4009,0.978759765625,0.9738749487182478,0.98274740836386,0.8649465467730186
Baseline,ml_400us,34,4096,4007,0.978271484375,0.9733380928544043,0.9823086167447029,0.8577031655221287
Baseline,ml_400us,35,4096,4004,0.9775390625,0.9725338897863597,0.9816493485882466,0.8504597842712387
Baseline,ml_400us,36,4096,4004,0.9775390625,0.9725338897863597,0.9816493485882466,0.8432164030203487
Baseline,ml_400us,37,4096,4003,0.977294921875,0.9722661011607102,0.9814293134723958,0.8359730217694588
Baseline,ml_400us,38,4096,4001,0.976806640625,0.9717309295309884,0.9809888376191169,0.8287296405185688
Baseline,ml_400us,39,4096,3998,0.97607421875,0.9709291555744165,0.9803271403511878,0.8214868846025843
Baseline,ml_400us,40,4096,3994,0.97509765625,0.969861879182557,0.9794431217770462,0.8142705580379767
Baseline,ml_400us,41,4096,3990,0.97412109375,0.9687965056840521,0.9785572003095498,0.807054231473369
Baseline,ml_400us,42,4096,3987,0.973388671875,0.9679986619577605,0.9778915728113404,0.7998379049087613
Baseline,ml_400us,43,4096,3984,0.97265625,0.9672017903723954,0.9772249731722046,0.7926215783441536
Baseline,ml_400us,44,4096,3979,0.971435546875,0.9658757308170035,0.976111914020095,0.7854052517795459
Baseline,ml_400us,45,4096,3975,0.970458984375,0.9648166459664846,0.9752197039046127,0.7781889252149382
Baseline,ml_400us,46,4096,3971,0.969482421875,0.963759047527144,0.974326007377952,0.7709725986503305
Baseline,ml_400us,47,4096,3965,0.968017578125,0.96217528928926,0.9729828231668342,0.7637562720857228
Baseline,ml_400us,48,4096,3958,0.96630859375,0.960331329020896,0.971412017244696,0.7565399455211151
Baseline,ml_400us,49,4096,3953,0.965087890625,0.9590165375678266,0.9702876899902639,0.7493236189565075
Baseline,ml_400us,50,4096,3948,0.9638671875,0.957703572334836,0.9691615365157528,0.7421072923918998
Baseline,ml_400us,51,4096,3942,0.96240234375,0.9561303013811572,0.9678078650204299,0.7350479755363062
Baseline,ml_400us,52,4096,3938,0.96142578125,0.9550827758957496,0.9669040955398363,0.7283105302725487
Baseline,ml_400us,53,4096,3933,0.960205078125,0.9537747892075905,0.9657729635204937,0.7215730850087911
Baseline,ml_400us,54,4096,3925,0.958251953125,0.9516851324633817,0.9639600303327001,0.7148356397450336
Baseline,ml_400us,55,4096,3922,0.95751953125,0.9509024574310025,0.9632792341405783,0.7080981944812761
Baseline,ml_400us,56,4096,3922,0.95751953125,0.9509024574310025,0.9632792341405783,0.7013607492175186
Baseline,ml_400us,57,4096,3918,0.95654296875,0.9498596607971911,0.9623707358083885,0.694623303953761
Baseline,ml_400us,58,4096,3914,0.95556640625,0.9488177185640135,0.9614613830755648,0.6879097830453751
Baseline,ml_400us,59,4096,3914,0.95556640625,0.9488177185640135,0.9614613830755648,0.681583140911001
Baseline,ml_400us,60,4096,3911,0.954833984375,0.9480368065317946,0.9607788238832828,0.675256498776627
Corrected formulas / controls,ml_400us,0,4096,4096,1.0,0.9990630225926348,0.9999999999999999,
Corrected formulas / controls,ml_400us,1,4096,4092,0.9990234375,0.9974915571936952,0.9996201704329383,
Corrected formulas / controls,ml_400us,2,4096,4080,0.99609375,0.9936637657680687,0.9975940769605611,
Corrected formulas / controls,ml_400us,3,4096,4076,0.9951171875,0.9924697076331114,0.9968368401295172,
Corrected formulas / controls,ml_400us,4,4096,4073,0.994384765625,0.991587789433178,0.9962552871049496,
Corrected formulas / controls,ml_400us,5,4096,4071,0.993896484375,0.9910051126562461,0.995862316398881,0.9855655915260485
Corrected formulas / controls,ml_400us,6,4096,4068,0.9931640625,0.9901378308615215,0.9952661269691047,0.9835379965074582
Corrected formulas / controls,ml_400us,7,4096,4065,0.992431640625,0.9892775496501616,0.9946629369559636,0.9815104014888678
Corrected formulas / controls,ml_400us,8,4096,4059,0.990966796875,0.9875743543279273,0.993439189829196,0.9794828064702775
Corrected formulas / controls,ml_400us,9,4096,4058,0.99072265625,0.987292434466316,0.993233285949307,0.9774552114516871
Corrected formulas / controls,ml_400us,10,4096,4053,0.989501953125,0.9858899643168433,0.9921966373912783,0.9754276164330968
Corrected formulas / controls,ml_400us,11,4096,4047,0.988037109375,0.9842206673133682,0.9909389919457514,0.9734000214145064
Corrected formulas / controls,ml_400us,12,4096,4043,0.987060546875,0.983114860378963,0.9900935039141554,0.9713724263959161
Corrected formulas / controls,ml_400us,13,4096,4038,0.98583984375,0.9817394754367362,0.9890297701488805,0.9693448313773259
Corrected formulas / controls,ml_400us,14,4096,4034,0.98486328125,0.9806440746636242,0.9881738759559913,0.9669722702393174
Corrected formulas / controls,ml_400us,15,4096,4032,0.984375,0.9800978681444444,0.9877444349921706,0.9638289283267651
Corrected formulas / controls,ml_400us,16,4096,4031,0.984130859375,0.9798251184139876,0.987529360981127,0.9606855864142128
Corrected formulas / controls,ml_400us,17,4096,4025,0.982666015625,0.9781932525333582,0.9862342844127546,0.9573957749820103
Corrected formulas / controls,ml_400us,18,4096,4023,0.982177734375,0.9776509528256319,0.9858009366374803,0.953257929413509
Corrected formulas / controls,ml_400us,19,4096,4017,0.980712890625,0.9760285730987803,0.9844963739153301,0.9491200838450077
Corrected formulas / controls,ml_400us,20,4096,4011,0.979248046875,0.974412403486461,0.9831856010786475,0.9449822382765063
Corrected formulas / controls,ml_400us,21,4096,4005,0.977783203125,0.9728018164634368,0.9818692456526698,0.9399029981629188
Corrected formulas / controls,ml_400us,22,4096,3995,0.975341796875,0.9701285156377056,0.9796643090633977,0.9348097891884123
Corrected formulas / controls,ml_400us,23,4096,3991,0.974365234375,0.9690626764666648,0.9787788532684374,0.9297165802139058
Corrected formulas / controls,ml_400us,24,4096,3975,0.970458984375,0.9648166459664846,0.9752197039046127,0.9238979641542496
Corrected formulas / controls,ml_400us,25,4096,3970,0.96923828125,0.9634948720671381,0.9741023590964577,0.917927326230651
Corrected formulas / controls,ml_400us,26,4096,3965,0.968017578125,0.96217528928926,0.9729828231668342,0.9119566883070523
Corrected formulas / controls,ml_400us,27,4096,3962,0.96728515625,0.9613845411819059,0.9723101000496873,0.9059602312435521
Corrected formulas / controls,ml_400us,28,4096,3952,0.96484375,0.9587538013451912,0.9700626024713991,0.8992366013588445
Corrected formulas / controls,ml_400us,29,4096,3945,0.963134765625,0.9569166329042106,0.9684850047218775,0.8925129714741369
Corrected formulas / controls,ml_400us,30,4096,3939,0.961669921875,0.9553445608690955,0.9671301343079907,0.8857893415894292
Corrected formulas / controls,ml_400us,31,4096,3933,0.960205078125,0.9537747892075905,0.9657729635204937,0.8790657117047216
Corrected formulas / controls,ml_400us,32,4096,3919,0.956787109375,0.9501202787839275,0.9625979415631524,0.8721899280239085
Corrected formulas / controls,ml_400us,33,4096,3911,0.954833984375,0.9480368065317946,0.9607788238832828,0.8649465467730186
Corrected formulas / controls,ml_400us,34,4096,3898,0.95166015625,0.9446579820358394,0.9578159397397341,0.8577031655221287
Corrected formulas / controls,ml_400us,35,4096,3887,0.948974609375,0.9418050708778951,0.955302789741175,0.8504597842712387
Corrected formulas / controls,ml_400us,36,4096,3875,0.946044921875,0.9386986636872588,0.9525553120338074,0.8432164030203487
Corrected formulas / controls,ml_400us,37,4096,3863,0.943115234375,0.935597920457735,0.9498021703653275,0.8359730217694588
Corrected formulas / controls,ml_400us,38,4096,3853,0.940673828125,0.9330179998365595,0.9475038535714999,0.8287296405185688
Corrected formulas / controls,ml_400us,39,4096,3847,0.939208984375,0.9314717118550057,0.9461231991040518,0.8214868846025843
Corrected formulas / controls,ml_400us,40,4096,3830,0.93505859375,0.9270969345308054,0.942204972822747,0.8142705580379767
Corrected formulas / controls,ml_400us,41,4096,3822,0.93310546875,0.9250412981572879,0.9403580192642621,0.807054231473369
Corrected formulas / controls,ml_400us,42,4096,3808,0.9296875,0.9214483726818027,0.9371214123587429,0.7998379049087613
Corrected formulas / controls,ml_400us,43,4096,3795,0.926513671875,0.9181168616357552,0.9341112147652862,0.7926215783441536
Corrected formulas / controls,ml_400us,44,4096,3776,0.921875,0.913255434220539,0.9297039910919966,0.7854052517795459
Corrected formulas / controls,ml_400us,45,4096,3767,0.919677734375,0.9109556576829947,0.9276133539560381,0.7781889252149382
Corrected formulas / controls,ml_400us,46,4096,3748,0.9150390625,0.9061065120204417,0.9231938485300852,0.7709725986503305
Corrected formulas / controls,ml_400us,47,4096,3734,0.91162109375,0.9025383332525057,0.9199324949170169,0.7637562720857228
Corrected formulas / controls,ml_400us,48,4096,3713,0.906494140625,0.8971933081475053,0.9150332214505107,0.7565399455211151
Corrected formulas / controls,ml_400us,49,4096,3695,0.902099609375,0.8926183492901923,0.9108273529608181,0.7493236189565075
Corrected formulas / controls,ml_400us,50,4096,3678,0.89794921875,0.8883027153973586,0.9068499832481467,0.7421072923918998
Corrected formulas / controls,ml_400us,51,4096,3665,0.894775390625,0.8850057351152596,0.9038052548907416,0.7350479755363062
Corrected formulas / controls,ml_400us,52,4096,3647,0.890380859375,0.8804450553276408,0.8995851073313548,0.7283105302725487
Corrected formulas / controls,ml_400us,53,4096,3632,0.88671875,0.8766481917015035,0.8960646148349874,0.7215730850087911
Corrected formulas / controls,ml_400us,54,4096,3609,0.881103515625,0.8708325325922874,0.8906603278896965,0.7148356397450336
Corrected formulas / controls,ml_400us,55,4096,3601,0.879150390625,0.8688113807969721,0.8887788897530092,0.7080981944812761
Corrected formulas / controls,ml_400us,56,4096,3578,0.87353515625,0.8630051925365302,0.8833651319589441,0.7013607492175186
Corrected formulas / controls,ml_400us,57,4096,3560,0.869140625,0.8584658114380478,0.8791236857104209,0.694623303953761
Corrected formulas / controls,ml_400us,58,4096,3535,0.863037109375,0.8521674580739187,0.8732264455370422,0.6879097830453751
Corrected formulas / controls,ml_400us,59,4096,3516,0.8583984375,0.8473854123100891,0.8687398402123659,0.681583140911001
Corrected formulas / controls,ml_400us,60,4096,3491,0.852294921875,0.8410991292063144,0.862830529778633,0.675256498776627
Joint model,ml_400us,0,8192,8192,1.0,0.9995312917117791,1.0,
Joint model,ml_400us,1,8192,8162,0.996337890625,0.9947769851074504,0.9974335207763616,
Joint model,ml_400us,2,8192,8086,0.987060546875,0.9843749278370096,0.989289587282619,
Joint model,ml_400us,3,8192,8049,0.9825439453125,0.9794734576638945,0.9851620882679079,
Joint model,ml_400us,4,8192,8014,0.978271484375,0.9748829351678189,0.9812116939646885,
Joint model,ml_400us,5,8192,7982,0.974365234375,0.9707140976835616,0.9775716932324475,0.9855655915260485
Joint model,ml_400us,6,8192,7951,0.9705810546875,0.9666955341229987,0.9740254447707778,0.9835379965074582
Joint model,ml_400us,7,8192,7931,0.9681396484375,0.9641116084577119,0.971728846550753,0.9815104014888678
Joint model,ml_400us,8,8192,7902,0.964599609375,0.960375290910854,0.9683884044639093,0.9794828064702775
Joint model,ml_400us,9,8192,7875,0.9613037109375,0.9569063248448463,0.9652686632847468,0.9774552114516871
Joint model,ml_400us,10,8192,7831,0.9559326171875,0.9512702984176324,0.9601675371642755,0.9754276164330968
Joint model,ml_400us,11,8192,7803,0.9525146484375,0.9476933328925727,0.9569117692498992,0.9734000214145064
Joint model,ml_400us,12,8192,7764,0.94775390625,0.9427219236013707,0.9523661569647438,0.9713724263959161
Joint model,ml_400us,13,8192,7728,0.943359375,0.9381428341715893,0.9481603034009648,0.9693448313773259
Joint model,ml_400us,14,8192,7674,0.936767578125,0.9312897775871168,0.9418359454950963,0.9669722702393174
Joint model,ml_400us,15,8192,7629,0.9312744140625,0.9255914595286445,0.9365530848116179,0.9638289283267651
Joint model,ml_400us,16,8192,7579,0.9251708984375,0.9192717707817417,0.9306714638452422,0.9606855864142128
Joint model,ml_400us,17,8192,7530,0.919189453125,0.9130892182803287,0.9248967328276423,0.9573957749820103
Joint model,ml_400us,18,8192,7484,0.91357421875,0.9072939062044144,0.9194668399673404,0.953257929413509
Joint model,ml_400us,19,8192,7435,0.9075927734375,0.9011290775638084,0.9136743850889334,0.9491200838450077
Joint model,ml_400us,20,8192,7396,0.90283203125,0.8962281040949113,0.9090583369814732,0.9449822382765063
Joint model,ml_400us,21,8192,7350,0.897216796875,0.8904535073010662,0.903607728839102,0.9399029981629188
Joint model,ml_400us,22,8192,7312,0.892578125,0.8856877994303155,0.8991004413277609,0.9348097891884123
Joint model,ml_400us,23,8192,7262,0.886474609375,0.8794230662999438,0.8931638647448541,0.9297165802139058
Joint model,ml_400us,24,8192,7214,0.880615234375,0.8734148652170631,0.8874588085029874,0.9238979641542496
Joint model,ml_400us,25,8192,7166,0.874755859375,0.8674121109972852,0.881748305398018,0.917927326230651
Joint model,ml_400us,26,8192,7128,0.8701171875,0.8626635766183157,0.8772238443948956,0.9119566883070523
Joint model,ml_400us,27,8192,7075,0.8636474609375,0.8560457052326245,0.8709083274845117,0.9059602312435521
Joint model,ml_400us,28,8192,7008,0.85546875,0.847687693740065,0.8629165839612778,0.8992366013588445
Joint model,ml_400us,29,8192,6961,0.8497314453125,0.841829613035199,0.857305433535662,0.8925129714741369
Joint model,ml_400us,30,8192,6915,0.8441162109375,0.8360999515913523,0.8518098900432924,0.8857893415894292
Joint model,ml_400us,31,8192,6860,0.83740234375,0.829253945802993,0.8452344551470454,0.8790657117047216
Joint model,ml_400us,32,8192,6807,0.8309326171875,0.8226614796877499,0.8388935329662132,0.8721899280239085
Joint model,ml_400us,33,8192,6769,0.8262939453125,0.8179374636642095,0.834344553607662,0.8649465467730186
Joint model,ml_400us,34,8192,6711,0.8192138671875,0.8107312268531988,0.8273972711512696,0.8577031655221287
Joint model,ml_400us,35,8192,6672,0.814453125,0.8058883419719887,0.8227231344561223,0.8504597842712387
Joint model,ml_400us,36,8192,6606,0.806396484375,0.7976974122867498,0.8148083353198335,0.8432164030203487
Joint model,ml_400us,37,8192,6555,0.8001708984375,0.7913719701214985,0.8086884415775406,0.8359730217694588
Joint model,ml_400us,38,8192,6493,0.7926025390625,0.7836866218842925,0.8012441657702812,0.8287296405185688
Joint model,ml_400us,39,8192,6431,0.7850341796875,0.776005922867326,0.7937952407427824,0.8214868846025843
Joint model,ml_400us,40,8192,6362,0.776611328125,0.7674632959654606,0.7855000602403235,0.8142705580379767
Joint model,ml_400us,41,8192,6292,0.76806640625,0.7588022893601005,0.7770792332470935,0.807054231473369
Joint model,ml_400us,42,8192,6226,0.760009765625,0.750641012901163,0.7691347808845034,0.7998379049087613
Joint model,ml_400us,43,8192,6167,0.7528076171875,0.7433491470088126,0.7620291013151851,0.7926215783441536
Joint model,ml_400us,44,8192,6109,0.7457275390625,0.7361842797611635,0.755040449295431,0.7854052517795459
Joint model,ml_400us,45,8192,6054,0.739013671875,0.7293930442387168,0.7484102441332713,0.7781889252149382
Joint model,ml_400us,46,8192,5999,0.7322998046875,0.7226046874423542,0.7417771602450276,0.7709725986503305
Joint model,ml_400us,47,8192,5944,0.7255859375,0.7158191399713661,0.7351412670314091,0.7637562720857228
Joint model,ml_400us,48,8192,5892,0.71923828125,0.7094062383639401,0.7288648065370256,0.7565399455211151
Joint model,ml_400us,49,8192,5840,0.712890625,0.70299573875777,0.7225859440413859,0.7493236189565075
Joint model,ml_400us,50,8192,5773,0.7047119140625,0.6947395204342619,0.7144924073491008,0.7421072923918998
Joint model,ml_400us,51,8192,5724,0.69873046875,0.6887038092930642,0.7085708349712856,0.7350479755363062
Joint model,ml_400us,52,8192,5663,0.6912841796875,0.6811927611609183,0.7011962852532316,0.7283105302725487
Joint model,ml_400us,53,8192,5607,0.6844482421875,0.6743000528798095,0.6944235266554684,0.7215730850087911
Joint model,ml_400us,54,8192,5552,0.677734375,0.6675328804753784,0.687769258375293,0.7148356397450336
Joint model,ml_400us,55,8192,5494,0.670654296875,0.6603991768432219,0.6807494427400463,0.7080981944812761
Joint model,ml_400us,56,8192,5441,0.6641845703125,0.6538827330120527,0.6743324982751404,0.7013607492175186
Joint model,ml_400us,57,8192,5389,0.6578369140625,0.6474913303460967,0.6680345388392865,0.694623303953761
Joint model,ml_400us,58,8192,5335,0.6512451171875,0.6408562645994947,0.6614921900955478,0.6879097830453751
Joint model,ml_400us,59,8192,5274,0.643798828125,0.6333637084933164,0.6540991483515264,0.681583140911001
Joint model,ml_400us,60,8192,5200,0.634765625,0.6242780413556066,0.6451268771135839,0.675256498776627
