distance_um,duration_us,trajectory,protocol,tau_us,rin,repeat,seed,noise_us,dt_coarse,dt_fine,survival_difference,paired_SE,label_disagreement,energy_KS,median_energy_difference_uK
270.0,500.0,min_jerk,A,0.0,0.0,1,26091771,0.2,0.1,0.05,0.0,0.0,0.0,0.0007369196757553986,0.0001970912030987687
270.0,500.0,min_jerk,A,0.0,0.0,1,26091771,0.2,0.05,0.025,0.0,0.0,0.0,0.0004912797838368954,4.9026694387233356e-05
270.0,500.0,zero_jerk,A,0.0,0.0,1,26091771,0.2,0.1,0.05,0.0,0.0,0.0,0.001230314960629919,0.010932537430182788
270.0,500.0,zero_jerk,A,0.0,0.0,1,26091771,0.2,0.05,0.025,0.0,0.0,0.0,0.0009842519685039353,0.0027328501488395694
270.0,550.0,rb_cubic,A,0.0,0.0,1,26091771,0.2,0.1,0.05,0.0,0.0,0.0,0.001226692836113874,-0.00647150483181424
270.0,550.0,rb_cubic,A,0.0,0.0,1,26091771,0.2,0.05,0.025,0.0,0.0,0.0,0.0007360157016683688,-0.0016126597698602216
270.0,550.0,rb_cubic,A,2.0,0.0,1,26091771,0.2,0.1,0.05,0.0,0.0,0.0,0.0012327416173569805,-0.007581212698882957
270.0,550.0,rb_cubic,A,2.0,0.0,1,26091771,0.2,0.05,0.025,0.0,0.0,0.0,0.0009861932938856066,-0.001894959082245576
270.0,550.0,zero_jerk,A,2.0,0.0,1,26091771,0.2,0.1,0.05,0.0,0.0,0.0,0.0009840098400983877,0.007662388863015519
270.0,550.0,zero_jerk,A,2.0,0.0,1,26091771,0.2,0.05,0.025,0.0,0.0,0.0,0.0007380073800739018,0.0021741047563098186
270.0,600.0,min_jerk,A,2.0,0.0,1,26091771,0.2,0.1,0.05,0.0,0.0,0.0,0.0009811135638949642,-0.0005593313305374269
270.0,600.0,min_jerk,A,2.0,0.0,1,26091771,0.2,0.05,0.025,0.0,0.0,0.0,0.0004905567819475376,-0.000139899263102423
270.0,700.0,rb_cubic,A,5.0,0.0,1,26091771,0.2,0.1,0.05,0.000244140625,0.000244140625,0.000244140625,0.0011567248235171412,0.055507809646635924
270.0,700.0,rb_cubic,A,5.0,0.0,1,26091771,0.2,0.05,0.025,0.0,0.0,0.0,0.0007365578197888745,0.00031287776538948934
270.0,700.0,zero_jerk,A,5.0,0.0,1,26091771,0.2,0.1,0.05,0.0,0.0,0.0,0.0007369196757553986,-0.0007242003399334556
270.0,700.0,zero_jerk,A,5.0,0.0,1,26091771,0.2,0.05,0.025,0.0,0.0,0.0,0.0007369196757553431,-0.00018170349547012865
270.0,850.0,min_jerk,A,5.0,0.0,1,26091771,0.2,0.1,0.05,0.0,0.0,0.0,0.0007351139426611253,0.0006720521166893752
270.0,850.0,min_jerk,A,5.0,0.0,1,26091771,0.2,0.05,0.025,0.0,0.0,0.0,0.0004900759617740835,0.0001680853157793821
510.0,700.0,min_jerk,A,0.0,0.0,1,26091771,0.2,0.1,0.05,0.0,0.0,0.0,0.0007369196757553986,8.409844190414763e-05
510.0,700.0,min_jerk,A,0.0,0.0,1,26091771,0.2,0.05,0.025,0.0,0.0,0.0,0.0004912797838368954,2.2227855255127785e-05
510.0,700.0,zero_jerk,A,0.0,0.0,1,26091771,0.2,0.1,0.05,0.0,0.0,0.0,0.001229105211406123,0.0021365784543968674
510.0,700.0,zero_jerk,A,0.0,0.0,1,26091771,0.2,0.05,0.025,0.0,0.0,0.0,0.000737463126843696,0.005418077659590742
510.0,750.0,zero_jerk,A,2.0,0.0,1,26091771,0.2,0.1,0.05,0.0,0.0,0.0,0.0014858841010402246,-0.00045704809606193975
510.0,750.0,zero_jerk,A,2.0,0.0,1,26091771,0.2,0.05,0.025,0.0,0.0,0.0,0.0007429420505201678,-0.00011327154736411914
510.0,800.0,min_jerk,A,0.0,0.0,1,26091731,0.2,0.1,0.05,0.0,0.0,0.0,0.001468428781204123,-0.0017923030113609472
510.0,800.0,min_jerk,A,0.0,0.0,1,26091731,0.2,0.05,0.025,0.0,0.0,0.0,0.0009789525208028227,-0.0004498354745654693
510.0,800.0,rb_cubic,A,2.0,0.0,1,26091771,0.2,0.1,0.05,0.0,0.0,0.0,0.0014774686037921647,0.007505450904258395
510.0,800.0,rb_cubic,A,2.0,0.0,1,26091771,0.2,0.05,0.025,0.0,0.0,0.0,0.0007387343018961934,0.002009641723865921
510.0,850.0,min_jerk,A,0.0,0.0,1,26091731,0.2,0.1,0.05,0.0,0.0,0.0,0.0009784735812133905,-0.0008736176617109013
510.0,850.0,min_jerk,A,0.0,0.0,1,26091731,0.2,0.05,0.025,0.0,0.0,0.0,0.000978473581213335,-0.0002184466150780694
510.0,850.0,rb_cubic,A,0.0,0.0,1,26091731,0.2,0.1,0.05,0.0,0.0,0.0,0.0019569471624266144,-0.02011115780986173
510.0,850.0,rb_cubic,A,0.0,0.0,1,26091731,0.2,0.05,0.025,0.0,0.0,0.0,0.001467710371819947,-0.005037525803638222
510.0,850.0,rb_cubic,A,0.0,0.0,1,26091771,0.2,0.1,0.05,0.0,0.0,0.0,0.0012236906510034729,-0.0009178918040204005
510.0,850.0,rb_cubic,A,0.0,0.0,1,26091771,0.2,0.05,0.025,0.0,0.0,0.0,0.0009789525208027672,0.0009907031886349134
510.0,850.0,zero_jerk,A,0.0,0.0,1,26091731,0.2,0.1,0.05,0.0,0.0,0.0,0.0014677103718200302,0.019246649598405333
510.0,850.0,zero_jerk,A,0.0,0.0,1,26091731,0.2,0.05,0.025,0.0,0.0,0.0,0.001467710371819947,0.005479198909679154
510.0,900.0,min_jerk,A,2.0,0.0,1,26091771,0.2,0.1,0.05,0.0,0.0,0.0,0.0007365578197888745,0.0005100128800792745
510.0,900.0,min_jerk,A,2.0,0.0,1,26091771,0.2,0.05,0.025,0.0,0.0,0.0,0.0004910385465259903,0.00012851017833455437
510.0,900.0,rb_cubic,A,0.0,0.0,1,26091731,0.2,0.1,0.05,0.0,0.0,0.0,0.0014669926650366927,-0.006769255687769077
510.0,900.0,rb_cubic,A,0.0,0.0,1,26091731,0.2,0.05,0.025,0.0,0.0,0.0,0.0009779951100244988,-0.008768299097654843
510.0,900.0,zero_jerk,A,0.0,0.0,1,26091731,0.2,0.1,0.05,0.0,0.0,0.0,0.002442598925256473,-0.000493313001445709
510.0,900.0,zero_jerk,A,0.0,0.0,1,26091731,0.2,0.05,0.025,0.0,0.0,0.0,0.0014655593551539114,-0.00013855882492992507
510.0,900.0,zero_jerk,A,2.0,0.0,1,26091731,0.2,0.1,0.05,0.0,0.0,0.0,0.0014677103718199747,-0.009057610423469387
510.0,900.0,zero_jerk,A,2.0,0.0,1,26091731,0.2,0.05,0.025,0.0,0.0,0.0,0.0009784735812133905,-0.0018304950102083436
510.0,950.0,zero_jerk,A,2.0,0.0,1,26091731,0.2,0.1,0.05,0.0,0.0,0.0,0.0014669926650366927,-0.009539322820568458
510.0,950.0,zero_jerk,A,2.0,0.0,1,26091731,0.2,0.05,0.025,0.0,0.0,0.0,0.0014669926650366927,-0.0023831014447154592
510.0,1000.0,rb_cubic,A,2.0,0.0,1,26091731,0.2,0.1,0.05,0.0,0.0,0.0,0.001955990220048942,0.0015936510305435108
510.0,1000.0,rb_cubic,A,2.0,0.0,1,26091731,0.2,0.05,0.025,0.0,0.0,0.0,0.001466992665036665,0.0003954963891447542
510.0,1050.0,min_jerk,A,2.0,0.0,1,26091731,0.2,0.1,0.05,0.0,0.0,0.0,0.0014669926650366372,0.0006924260779770024
510.0,1050.0,min_jerk,A,2.0,0.0,1,26091731,0.2,0.05,0.025,0.0,0.0,0.0,0.0009779951100244988,0.00017285180154159627
510.0,1050.0,rb_cubic,A,2.0,0.0,1,26091731,0.2,0.1,0.05,0.00048828125,0.00048828125,0.00048828125,0.0023719235311338016,0.028888345188071814
510.0,1050.0,rb_cubic,A,2.0,0.0,1,26091731,0.2,0.05,0.025,0.0,0.0,0.0,0.0014662756598240456,0.003156157794129471
510.0,1050.0,rb_cubic,A,5.0,0.0,1,26091771,0.2,0.1,0.05,0.0,0.0,0.0,0.0009830425165888723,0.028765177901374926
510.0,1050.0,rb_cubic,A,5.0,0.0,1,26091771,0.2,0.05,0.025,0.0,0.0,0.0,0.0007372818874415987,0.0017427614806302173
510.0,1100.0,min_jerk,A,2.0,0.0,1,26091731,0.2,0.1,0.05,0.0,0.0,0.0,0.0009775171065493637,-0.0005487701130200985
510.0,1100.0,min_jerk,A,2.0,0.0,1,26091731,0.2,0.05,0.025,0.0,0.0,0.0,0.0009775171065493637,-0.00013758422158521497
510.0,1100.0,rb_cubic,A,5.0,0.0,1,26091731,0.2,0.1,0.05,0.0,0.0,0.0,0.0014698677119059367,0.004978502179192731
510.0,1100.0,rb_cubic,A,5.0,0.0,1,26091731,0.2,0.05,0.025,0.0,0.0,0.0,0.0014698677119059367,0.0012439545607174128
510.0,1100.0,zero_jerk,A,5.0,0.0,1,26091771,0.2,0.1,0.05,0.0,0.0,0.0,0.0009808729769494873,0.004496749726648213
510.0,1100.0,zero_jerk,A,5.0,0.0,1,26091771,0.2,0.05,0.025,0.0,0.0,0.0,0.0007356547327120877,0.0011246832410330312
510.0,1150.0,rb_cubic,A,5.0,0.0,1,26091731,0.2,0.1,0.05,0.0,0.0,0.0,0.0019559902200488866,0.0033962782815549525
510.0,1150.0,rb_cubic,A,5.0,0.0,1,26091731,0.2,0.05,0.025,0.0,0.0,0.0,0.0014669926650366927,0.0008503374899465445
510.0,1150.0,zero_jerk,A,5.0,0.0,1,26091731,0.2,0.1,0.05,0.0,0.0,0.0,0.001468428781204123,0.006871320771054704
510.0,1150.0,zero_jerk,A,5.0,0.0,1,26091731,0.2,0.05,0.025,0.0,0.0,0.0,0.001468428781204123,0.001718895472659118
510.0,1200.0,zero_jerk,A,5.0,0.0,1,26091731,0.2,0.1,0.05,0.00048828125,0.00048828125,0.00048828125,0.0023591861512831658,-0.007936597492895542
510.0,1200.0,zero_jerk,A,5.0,0.0,1,26091731,0.2,0.05,0.025,0.0,0.0,0.0,0.0009779951100244988,-0.0033513613431039512
510.0,1300.0,min_jerk,A,5.0,0.0,1,26091771,0.2,0.1,0.05,0.0,0.0,0.0,0.000984736582964052,0.0015987998173435632
510.0,1300.0,min_jerk,A,5.0,0.0,1,26091771,0.2,0.05,0.025,0.0,0.0,0.0,0.0007385524372230945,0.00040095240302941224
510.0,1400.0,min_jerk,A,5.0,0.0,1,26091731,0.2,0.1,0.05,0.0,0.0,0.0,0.0014662756598240456,0.004502787624041654
510.0,1400.0,min_jerk,A,5.0,0.0,1,26091731,0.2,0.05,0.025,0.0,0.0,0.0,0.0009775171065493637,0.0011236889482237526
510.0,1500.0,min_jerk,A,5.0,0.0,1,26091731,0.2,0.1,0.05,0.0,0.0,0.0,0.0014655593551539114,0.004175740990111575
510.0,1500.0,min_jerk,A,5.0,0.0,1,26091731,0.2,0.05,0.025,0.0,0.0,0.0,0.0009770395701026446,0.0010448086035499031
510.0,1600.0,min_jerk,A,5.0,0.0,1,26091773,0.2,0.1,0.05,0.0,0.0,0.0,0.00146484375,0.028339868948181916
510.0,1600.0,min_jerk,A,5.0,0.0,1,26091773,0.2,0.05,0.025,0.0,0.0,0.0,0.0009765625,0.009937507678308428
510.0,1600.0,min_jerk,A,5.0,0.0,10,26091773,0.2,0.1,0.05,0.0,0.0011963320223781792,0.0029296875,0.019117647058823517,0.8855073441073728
510.0,1600.0,min_jerk,A,5.0,0.0,10,26091773,0.2,0.05,0.025,-0.001953125,0.0013807305512910115,0.00390625,0.016116994743102797,0.9927635499754862
510.0,1600.0,min_jerk,A,5.0,0.0,50,26091773,0.2,0.1,0.05,-0.0029296875,0.004834484670357332,0.0478515625,0.025388457804835618,-0.3288432632904245
510.0,1600.0,min_jerk,A,5.0,0.0,50,26091773,0.2,0.05,0.025,0.00537109375,0.004906928473637812,0.04931640625,0.02032380314006546,-0.020304161667572186
510.0,1600.0,zero_jerk,A,5.0,0.0,1,26091731,0.2,0.1,0.05,0.0,0.0,0.0,0.00244140625,0.0006580588497443452
510.0,1600.0,zero_jerk,A,5.0,0.0,1,26091731,0.2,0.05,0.025,0.0,0.0,0.0,0.001953125,0.0001643691195497704
510.0,1600.0,zero_jerk,A,5.0,0.0,10,26091731,0.2,0.1,0.05,0.00146484375,0.0016195176178428,0.00537109375,0.02670620291867548,-2.2891849372207917
510.0,1600.0,zero_jerk,A,5.0,0.0,10,26091731,0.2,0.05,0.025,0.0009765625,0.0015443071663933034,0.0048828125,0.01719972776577061,1.2186105023677565
510.0,1600.0,zero_jerk,A,5.0,0.0,50,26091731,0.2,0.1,0.05,-0.01025390625,0.008470400592802458,0.14697265625,0.026563807676747708,0.21591934761584
510.0,1600.0,zero_jerk,A,5.0,0.0,50,26091731,0.2,0.05,0.025,0.01171875,0.008313126781918513,0.1416015625,0.024687409130561222,-0.14151939531933047
510.0,1600.0,zero_jerk,A,5.0,5.75e-09,1,26091731,0.2,0.1,0.05,0.0,0.0,0.0,0.0029296875,-0.05125698888234629
510.0,1600.0,zero_jerk,A,5.0,5.75e-09,1,26091731,0.2,0.05,0.025,0.0,0.0,0.0,0.001953125,4.1276073327210124e-05
510.0,1600.0,zero_jerk,A,5.0,5.75e-09,10,26091731,0.2,0.1,0.05,0.00244140625,0.005237233916300763,0.05615234375,0.027363996967390114,0.4829606588560103
510.0,1600.0,zero_jerk,A,5.0,5.75e-09,10,26091731,0.2,0.05,0.025,-0.00390625,0.005121660026012128,0.0537109375,0.023872118143267063,0.703704249634517
510.0,1600.0,zero_jerk,A,5.0,5.75e-09,50,26091731,0.2,0.1,0.05,-0.01708984375,0.013181402579289642,0.35595703125,0.0713257120874208,-6.5869345349939215
510.0,1600.0,zero_jerk,A,5.0,5.75e-09,50,26091731,0.2,0.05,0.025,-0.02978515625,0.013545373066767508,0.37646484375,0.03987111009458205,2.2866872116016577
510.0,1600.0,zero_jerk,B,5.0,0.0,1,26091731,0.2,0.1,0.05,0.0,0.0006907026151602111,0.0009765625,0.002449779519843265,-0.00033243425095563035
510.0,1600.0,zero_jerk,B,5.0,0.0,1,26091731,0.2,0.05,0.025,0.0,0.0,0.0,0.0019598236158746563,0.0006453710904550593
510.0,1600.0,zero_jerk,B,5.0,0.0,10,26091731,0.2,0.1,0.05,0.00244140625,0.0041725468169546975,0.03564453125,0.01849713268736397,0.8413820818336814
510.0,1600.0,zero_jerk,B,5.0,0.0,10,26091731,0.2,0.05,0.025,-0.0029296875,0.004312950382514098,0.0380859375,0.020868607358430658,-0.9439566273818215
510.0,1600.0,zero_jerk,B,5.0,0.0,50,26091731,0.2,0.1,0.05,-0.00390625,0.011700925827588792,0.2802734375,0.018196435901428165,-0.6641235612956587
510.0,1600.0,zero_jerk,B,5.0,0.0,50,26091731,0.2,0.05,0.025,-0.0078125,0.011720340125792629,0.28125,0.03323180683977511,0.7829640276473879
510.0,1600.0,zero_jerk,B,5.0,5.75e-09,1,26091731,0.2,0.1,0.05,0.0009765625,0.0009765625,0.001953125,0.004307775441796058,0.019622571750387712
510.0,1600.0,zero_jerk,B,5.0,5.75e-09,1,26091731,0.2,0.05,0.025,-0.00146484375,0.0008453146775885285,0.00146484375,0.0037785756137082016,-0.02737383483362665
510.0,1600.0,zero_jerk,B,5.0,5.75e-09,10,26091731,0.2,0.1,0.05,-0.00244140625,0.009123914790098718,0.17041015625,0.028270471863263813,-1.8226238977761733
510.0,1600.0,zero_jerk,B,5.0,5.75e-09,10,26091731,0.2,0.05,0.025,-0.015625,0.008564433914339148,0.150390625,0.02537349592182836,2.0187048933967793
510.0,1600.0,zero_jerk,B,5.0,5.75e-09,50,26091731,0.2,0.1,0.05,-0.01708984375,0.010615290896903948,0.23095703125,0.03709401709401711,-0.3494695042041529
510.0,1600.0,zero_jerk,B,5.0,5.75e-09,50,26091731,0.2,0.05,0.025,0.00390625,0.010677654250745105,0.2333984375,0.04804292929292936,-2.5900473722087334
510.0,2200.0,rb_cubic,A,5.0,0.0,1,26091773,0.2,0.1,0.05,0.0,0.0,0.0,0.00341796875,-0.006829879511708146
510.0,2200.0,rb_cubic,A,5.0,0.0,1,26091773,0.2,0.05,0.025,0.0,0.0,0.0,0.001953125,-0.0044265482072388795
510.0,2200.0,rb_cubic,A,5.0,0.0,10,26091773,0.2,0.1,0.05,0.0009765625,0.0006903652756455057,0.0009765625,0.016980063996823058,0.5618161608778746
510.0,2200.0,rb_cubic,A,5.0,0.0,10,26091773,0.2,0.05,0.025,0.0,0.0006907026151602111,0.0009765625,0.014173998044965774,-0.4544393887711601
510.0,2200.0,rb_cubic,A,5.0,0.0,50,26091773,0.2,0.1,0.05,0.0009765625,0.003010625526434977,0.0185546875,0.02109152157595051,0.7226271794484319
510.0,2200.0,rb_cubic,A,5.0,0.0,50,26091773,0.2,0.05,0.025,-0.00146484375,0.0028892349412211315,0.01708984375,0.029021387313417912,0.45954919664688826
510.0,3000.0,min_jerk,A,5.0,0.0,1,26091773,0.2,0.1,0.05,0.0,0.0,0.0,0.001953125,0.002298829766177714
510.0,3000.0,min_jerk,A,5.0,0.0,1,26091773,0.2,0.05,0.025,0.0,0.0,0.0,0.001953125,0.0016590831647607766
510.0,3000.0,min_jerk,A,5.0,0.0,10,26091773,0.2,0.1,0.05,0.0,0.0,0.0,0.00634765625,0.029614343628019863
510.0,3000.0,min_jerk,A,5.0,0.0,10,26091773,0.2,0.05,0.025,0.0,0.0,0.0,0.00634765625,0.016071968774075684
510.0,3000.0,min_jerk,A,5.0,0.0,50,26091773,0.2,0.1,0.05,0.0,0.0,0.0,0.008793356130923247,-0.21251499199731566
510.0,3000.0,min_jerk,A,5.0,0.0,50,26091773,0.2,0.05,0.025,-0.00048828125,0.00048828125,0.00048828125,0.010562570606375221,0.32071705561811514
510.0,3000.0,rb_cubic,A,5.0,0.0,1,26091773,0.2,0.1,0.05,0.0,0.0,0.0,0.00244140625,0.0021530059538759894
510.0,3000.0,rb_cubic,A,5.0,0.0,1,26091773,0.2,0.05,0.025,0.0,0.0,0.0,0.00244140625,-0.0776320399132906
510.0,3000.0,rb_cubic,A,5.0,0.0,10,26091773,0.2,0.1,0.05,0.0,0.0,0.0,0.01318359375,0.16126954640632585
510.0,3000.0,rb_cubic,A,5.0,0.0,10,26091773,0.2,0.05,0.025,0.0,0.0,0.0,0.01220703125,-0.23776797293752588
510.0,3000.0,rb_cubic,A,5.0,0.0,50,26091773,0.2,0.1,0.05,-0.00048828125,0.0008458656404481253,0.00146484375,0.024610557089243423,-1.3036827532471713
510.0,3000.0,rb_cubic,A,5.0,0.0,50,26091773,0.2,0.05,0.025,0.0,0.0006907026151602111,0.0009765625,0.014655593551538837,-0.19308446653037092
510.0,3000.0,zero_jerk,A,5.0,0.0,1,26091731,0.2,0.1,0.05,0.0,0.0,0.0,0.001953125,0.004378020699471191
510.0,3000.0,zero_jerk,A,5.0,0.0,1,26091731,0.2,0.05,0.025,0.0,0.0,0.0,0.001953125,0.00109591946270609
510.0,3000.0,zero_jerk,A,5.0,0.0,10,26091731,0.2,0.1,0.05,0.0,0.0,0.0,0.01123046875,-0.415401377730599
510.0,3000.0,zero_jerk,A,5.0,0.0,10,26091731,0.2,0.05,0.025,0.0,0.0,0.0,0.013671875,0.7184760161959814
510.0,3000.0,zero_jerk,A,5.0,0.0,50,26091731,0.2,0.1,0.05,0.00048828125,0.00048828125,0.00048828125,0.016402147197117745,0.2767788620067086
510.0,3000.0,zero_jerk,A,5.0,0.0,50,26091731,0.2,0.05,0.025,-0.00048828125,0.00048828125,0.00048828125,0.019834666585246685,-0.20977315091581414
510.0,3000.0,zero_jerk,A,5.0,5.75e-09,1,26091731,0.2,0.1,0.05,-0.00048828125,0.00048828125,0.00048828125,0.006642008503297436,-0.006660267475870888
510.0,3000.0,zero_jerk,A,5.0,5.75e-09,1,26091731,0.2,0.05,0.025,0.0,0.0,0.0,0.0048828125,0.1218466064865419
510.0,3000.0,zero_jerk,A,5.0,5.75e-09,10,26091731,0.2,0.1,0.05,-0.00830078125,0.009226231779463532,0.17431640625,0.025498016418898373,-0.34643846466203515
510.0,3000.0,zero_jerk,A,5.0,5.75e-09,10,26091731,0.2,0.05,0.025,0.0,0.008899080684531392,0.162109375,0.030016675931072823,2.2281228031776
510.0,3000.0,zero_jerk,A,5.0,5.75e-09,50,26091731,0.2,0.1,0.05,0.0048828125,0.008486809663923239,0.1474609375,0.09227826918479559,-13.711500443995257
510.0,3000.0,zero_jerk,A,5.0,5.75e-09,50,26091731,0.2,0.05,0.025,-0.01220703125,0.008553213760148927,0.14990234375,0.07314440692976143,-1.6971868291138288
510.0,3000.0,zero_jerk,B,5.0,0.0,1,26091731,0.2,0.1,0.05,0.0009765625,0.0006903652756455057,0.0009765625,0.003996151145952198,0.010885804366235393
510.0,3000.0,zero_jerk,B,5.0,0.0,1,26091731,0.2,0.05,0.025,0.0,0.0006907026151602111,0.0009765625,0.003913894324853229,0.0003041865551372112
510.0,3000.0,zero_jerk,B,5.0,0.0,10,26091731,0.2,0.1,0.05,0.00146484375,0.002719106165708644,0.01513671875,0.012644717075613321,-0.174428477263026
510.0,3000.0,zero_jerk,B,5.0,0.0,10,26091731,0.2,0.05,0.025,0.00146484375,0.002537596921344376,0.01318359375,0.015346992404353887,-0.026238345363081342
510.0,3000.0,zero_jerk,B,5.0,0.0,50,26091731,0.2,0.1,0.05,0.005859375,0.004311491853776705,0.0380859375,0.019076728469868465,0.14929065568359223
510.0,3000.0,zero_jerk,B,5.0,0.0,50,26091731,0.2,0.05,0.025,-0.00341796875,0.004340341221011764,0.03857421875,0.020343716757153185,-0.5149278944422081
510.0,3000.0,zero_jerk,B,5.0,5.75e-09,1,26091731,0.2,0.1,0.05,0.0009765625,0.002392566685026312,0.01171875,0.010615101926048975,0.2421795760970595
510.0,3000.0,zero_jerk,B,5.0,5.75e-09,1,26091731,0.2,0.05,0.025,0.0009765625,0.00207199542338547,0.0087890625,0.007631101854231326,-0.25317716046803324
510.0,3000.0,zero_jerk,B,5.0,5.75e-09,10,26091731,0.2,0.1,0.05,0.0107421875,0.012040470864782816,0.296875,0.0456228644484411,0.7185819608750369
510.0,3000.0,zero_jerk,B,5.0,5.75e-09,10,26091731,0.2,0.05,0.025,0.005859375,0.011536281317070074,0.2724609375,0.03764503701917066,-1.865656090375988
510.0,3000.0,zero_jerk,B,5.0,5.75e-09,50,26091731,0.2,0.1,0.05,0.00439453125,0.006272866108564016,0.08056640625,0.07418023389130934,2.824705904251165
510.0,3000.0,zero_jerk,B,5.0,5.75e-09,50,26091731,0.2,0.05,0.025,0.001953125,0.006216173642574128,0.0791015625,0.09927296761401189,6.395498326103962
510.0,6000.0,zero_jerk,A,5.0,0.0,1,26091731,0.2,0.1,0.05,0.0,0.0,0.0,0.00146484375,0.00031491294873543476
510.0,6000.0,zero_jerk,A,5.0,0.0,1,26091731,0.2,0.05,0.025,0.0,0.0,0.0,0.00146484375,7.622534928046673e-05
510.0,6000.0,zero_jerk,A,5.0,0.0,10,26091731,0.2,0.1,0.05,0.0,0.0,0.0,0.0078125,-0.03590814797183616
510.0,6000.0,zero_jerk,A,5.0,0.0,10,26091731,0.2,0.05,0.025,0.0,0.0,0.0,0.00634765625,-0.2504816881622174
510.0,6000.0,zero_jerk,A,5.0,0.0,50,26091731,0.2,0.1,0.05,0.0,0.0,0.0,0.009765625,-0.06610749171205012
510.0,6000.0,zero_jerk,A,5.0,0.0,50,26091731,0.2,0.05,0.025,0.0,0.0,0.0,0.0107421875,0.47343995655035104
510.0,6000.0,zero_jerk,A,5.0,5.75e-09,1,26091731,0.2,0.1,0.05,0.0,0.0013814052303204223,0.00390625,0.017123287671232834,0.07355215621401817
510.0,6000.0,zero_jerk,A,5.0,5.75e-09,1,26091731,0.2,0.05,0.025,-0.00048828125,0.0012921412023726457,0.00341796875,0.012071828094871395,-0.36496789495516907
510.0,6000.0,zero_jerk,A,5.0,5.75e-09,10,26091731,0.2,0.1,0.05,-0.005859375,0.013744198362564151,0.38671875,0.04291833881949769,-2.3498558426699163
510.0,6000.0,zero_jerk,A,5.0,5.75e-09,10,26091731,0.2,0.05,0.025,-0.009765625,0.013568436561454227,0.376953125,0.02511831088460137,3.7369797118860903
510.0,6000.0,zero_jerk,A,5.0,5.75e-09,50,26091731,0.2,0.1,0.05,0.0,0.0011963320223781792,0.0029296875,0.33333333333333337,20.908134360942395
510.0,6000.0,zero_jerk,A,5.0,5.75e-09,50,26091731,0.2,0.05,0.025,-0.00341796875,0.0017593318417432721,0.00634765625,0.33333333333333337,-26.200543362971235
510.0,6000.0,zero_jerk,B,5.0,0.0,1,26091731,0.2,0.1,0.05,0.00048828125,0.0008458656404481253,0.00146484375,0.0034596201242751423,0.003976861748297824
510.0,6000.0,zero_jerk,B,5.0,0.0,1,26091731,0.2,0.05,0.025,-0.00048828125,0.0008458656404481253,0.00146484375,0.00301660100404888,-0.00928191203662408
510.0,6000.0,zero_jerk,B,5.0,0.0,10,26091731,0.2,0.1,0.05,0.00146484375,0.002441787876255286,0.01220703125,0.01802333169729231,0.48638181265015407
510.0,6000.0,zero_jerk,B,5.0,0.0,10,26091731,0.2,0.05,0.025,-0.00244140625,0.00244140625,0.01220703125,0.015621459837295681,-0.37231348329576786
510.0,6000.0,zero_jerk,B,5.0,0.0,50,26091731,0.2,0.1,0.05,-0.00830078125,0.003343274883563095,0.02294921875,0.026311223138533513,-1.0028206244624718
510.0,6000.0,zero_jerk,B,5.0,0.0,50,26091731,0.2,0.05,0.025,0.0,0.0033124933750198747,0.0224609375,0.01754385964912286,0.6249862589102644
510.0,6000.0,zero_jerk,B,5.0,5.75e-09,1,26091731,0.2,0.1,0.05,-0.00390625,0.0038447001131311715,0.0302734375,0.012047247929250493,-0.008948709619884547
510.0,6000.0,zero_jerk,B,5.0,5.75e-09,1,26091731,0.2,0.05,0.025,0.0029296875,0.003906667414037752,0.03125,0.012252011292429255,-0.35955266457780005
510.0,6000.0,zero_jerk,B,5.0,5.75e-09,10,26091731,0.2,0.1,0.05,0.02783203125,0.013316538403780265,0.36376953125,0.03519772238163554,0.15332622581920896
510.0,6000.0,zero_jerk,B,5.0,5.75e-09,10,26091731,0.2,0.05,0.025,-0.02734375,0.013018129655386148,0.34765625,0.031734913793103475,-2.9787005501467396
510.0,6000.0,zero_jerk,B,5.0,5.75e-09,50,26091731,0.2,0.1,0.05,0.0009765625,0.0006903652756455057,0.0009765625,,
510.0,6000.0,zero_jerk,B,5.0,5.75e-09,50,26091731,0.2,0.05,0.025,-0.00146484375,0.0008453146775885285,0.00146484375,,
610.0,750.0,min_jerk,A,0.0,0.0,1,26091771,0.2,0.1,0.05,0.0,0.0,0.0,0.0007380073800737907,-0.002928396555147425
610.0,750.0,min_jerk,A,0.0,0.0,1,26091771,0.2,0.05,0.025,0.0,0.0,0.0,0.0007380073800737907,1.089021051453715e-05
610.0,750.0,zero_jerk,A,0.0,0.0,1,26091771,0.2,0.1,0.05,0.0,0.0,0.0,0.00123183050012321,-0.0041446598612725925
610.0,750.0,zero_jerk,A,0.0,0.0,1,26091771,0.2,0.05,0.025,0.0,0.0,0.0,0.0009854644000985568,-0.0029803352913756816
610.0,800.0,rb_cubic,A,0.0,0.0,1,26091771,0.2,0.1,0.05,0.0,0.0,0.0,0.0009849790691948135,0.011856645490937383
610.0,800.0,rb_cubic,A,0.0,0.0,1,26091771,0.2,0.05,0.025,0.0,0.0,0.0,0.0007387343018960824,-0.009406373408979533
610.0,900.0,zero_jerk,A,2.0,0.0,1,26091771,0.2,0.1,0.05,0.0,0.0,0.0,0.0012257906349595338,0.006275712234265328
610.0,900.0,zero_jerk,A,2.0,0.0,1,26091771,0.2,0.05,0.025,0.0,0.0,0.0,0.0007354743809757647,0.0007486982262726926
610.0,1000.0,min_jerk,A,2.0,0.0,1,26091771,0.2,0.1,0.05,0.0,0.0,0.0,0.000738188976378007,0.0011400715410454084
610.0,1000.0,min_jerk,A,2.0,0.0,1,26091771,0.2,0.05,0.025,0.0,0.0,0.0,0.0004921259842520787,0.0002879569396929639
610.0,1050.0,rb_cubic,A,2.0,0.0,1,26091771,0.2,0.1,0.05,0.0,0.0,0.0,0.0012227928588897097,0.009429083682021522
610.0,1050.0,rb_cubic,A,2.0,0.0,1,26091771,0.2,0.05,0.025,0.0,0.0,0.0,0.0007336757153338924,0.002356460487554613
610.0,1200.0,rb_cubic,A,5.0,0.0,1,26091771,0.2,0.1,0.05,0.0,0.0,0.0,0.0009830425165888723,0.0055465757020224365
610.0,1200.0,rb_cubic,A,5.0,0.0,1,26091771,0.2,0.05,0.025,0.0,0.0,0.0,0.0007372818874417097,0.0013867337284208926
610.0,1400.0,zero_jerk,A,5.0,0.0,1,26091771,0.2,0.1,0.05,-0.000244140625,0.000244140625,0.000244140625,0.0012043510606059016,-0.014280113692304445
610.0,1400.0,zero_jerk,A,5.0,0.0,1,26091771,0.2,0.05,0.025,0.0,0.0,0.0,0.0007327796775770112,-0.0016597752787516488
610.0,1500.0,min_jerk,A,5.0,0.0,1,26091771,0.2,0.1,0.05,0.0,0.0,0.0,0.0009818360333824216,0.010064117339121109
610.0,1500.0,min_jerk,A,5.0,0.0,1,26091771,0.2,0.05,0.025,0.0,0.0,0.0,0.0007363770250369273,0.002396572891897674
