species,mass,wavelength,slm_wavelength,waist,depth_uK,slm_depth_uK,temperature_uK,tau_us,geometry,trajectory,distance_um,duration_us,protocol,repeats,ramp_us,hold_us,disorder,alignment_nm,rin,pointing,dt_us,noise_us,shots,seed,average_m_s,peak_m_s,peak_x_m_s,peak_y_m_s,peak_accel_m_s2,interior_peak_jerk_m_s3,acceleration_join_jump_m_s2,complete_oneway_us,omega_r_rad_s,maximum_static_force_acceleration,tau_over_T,repeat,alive,survival,lower,upper,conditional_loss,median_energy_uK,energy_p95_uK,group,file,previous_alive,elapsed_total_us
Cs,2.2069469514370953e-25,1.055e-06,1.061e-06,1.11e-06,280.0,140.0,19.0,5.0,x,zero_jerk,510.0,1600.0,B,50,200.0,100.0,0.02,50.0,5.75e-09,1e-24,0.025,0.2,2048,26091732,0.31875,0.49804687499999994,0.49804687499999994,0.0,996.09375,1867675.7812500002,996.09375,2100.0,238468.88814965388,19142.96458254997,0.003125,1,2041,0.99658203125,0.9929704344928806,0.9986247290122829,0.00341796875,-91.2009394087244,-35.3413323621801,convergence,runs\convergence\1c4237209d15fc9e4b.json,2048,2100.0
Cs,2.2069469514370953e-25,1.055e-06,1.061e-06,1.11e-06,280.0,140.0,19.0,5.0,x,zero_jerk,510.0,1600.0,B,50,200.0,100.0,0.02,50.0,5.75e-09,1e-24,0.025,0.2,2048,26091732,0.31875,0.49804687499999994,0.49804687499999994,0.0,996.09375,1867675.7812500002,996.09375,2100.0,238468.88814965388,19142.96458254997,0.003125,10,1727,0.84326171875,0.8267827941618661,0.8587513320315923,0.02208380520951303,-77.84215495429609,-19.030592076934113,convergence,runs\convergence\1c4237209d15fc9e4b.json,1766,21000.0
Cs,2.2069469514370953e-25,1.055e-06,1.061e-06,1.11e-06,280.0,140.0,19.0,5.0,x,zero_jerk,510.0,1600.0,B,50,200.0,100.0,0.02,50.0,5.75e-09,1e-24,0.025,0.2,2048,26091732,0.31875,0.49804687499999994,0.49804687499999994,0.0,996.09375,1867675.7812500002,996.09375,2100.0,238468.88814965388,19142.96458254997,0.003125,50,366,0.1787109375,0.1623434707800337,0.1960034525389176,0.031746031746031744,-65.6782228496431,-14.499686977804306,convergence,runs\convergence\1c4237209d15fc9e4b.json,378,105000.0
Cs,2.2069469514370953e-25,1.055e-06,1.061e-06,1.11e-06,280.0,140.0,19.0,5.0,x,zero_jerk,510.0,6000.0,B,50,200.0,100.0,0.02,50.0,5.75e-09,1e-24,0.025,0.2,2048,26091732,0.08499999999999999,0.13281249999999997,0.13281249999999997,0.0,70.83333333333333,35416.666666666664,70.83333333333333,6500.0,238468.88814965388,19142.96458254997,0.0008333333333333334,1,1996,0.974609375,0.9668356518895828,0.9809802648047934,0.025390625,-86.47483802071339,-24.321233841892045,convergence,runs\convergence\1c8fb2f551bdeaba93.json,2048,6500.0
Cs,2.2069469514370953e-25,1.055e-06,1.061e-06,1.11e-06,280.0,140.0,19.0,5.0,x,zero_jerk,510.0,6000.0,B,50,200.0,100.0,0.02,50.0,5.75e-09,1e-24,0.025,0.2,2048,26091732,0.08499999999999999,0.13281249999999997,0.13281249999999997,0.0,70.83333333333333,35416.666666666664,70.83333333333333,6500.0,238468.88814965388,19142.96458254997,0.0008333333333333334,10,667,0.32568359375,0.3054048650115412,0.3464624839952631,0.14814814814814814,-62.453396166155144,-8.482792043789534,convergence,runs\convergence\1c8fb2f551bdeaba93.json,783,65000.0
Cs,2.2069469514370953e-25,1.055e-06,1.061e-06,1.11e-06,280.0,140.0,19.0,5.0,x,zero_jerk,510.0,6000.0,B,50,200.0,100.0,0.02,50.0,5.75e-09,1e-24,0.025,0.2,2048,26091732,0.08499999999999999,0.13281249999999997,0.13281249999999997,0.0,70.83333333333333,35416.666666666664,70.83333333333333,6500.0,238468.88814965388,19142.96458254997,0.0008333333333333334,50,2,0.0009765625,0.00011828813715452327,0.0035231826302861025,0.33333333333333337,-48.140939208533325,-12.405961617392332,convergence,runs\convergence\1c8fb2f551bdeaba93.json,3,325000.0
Cs,2.2069469514370953e-25,1.055e-06,1.061e-06,1.11e-06,280.0,140.0,19.0,5.0,x,zero_jerk,510.0,3000.0,A,50,200.0,100.0,0.02,50.0,5.75e-09,1e-24,0.025,0.05,2048,26091732,0.16999999999999998,0.26562499999999994,0.26562499999999994,0.0,283.3333333333333,283333.3333333333,283.3333333333333,3100.0,238468.88814965388,19142.96458254997,0.0016666666666666668,1,2047,0.99951171875,0.9972825055060337,0.999987637865482,0.00048828125,-226.24657371179092,-150.09622606375456,convergence,runs\convergence\2b0ca2a6f4ceb57475.json,2048,3100.0
Cs,2.2069469514370953e-25,1.055e-06,1.061e-06,1.11e-06,280.0,140.0,19.0,5.0,x,zero_jerk,510.0,3000.0,A,50,200.0,100.0,0.02,50.0,5.75e-09,1e-24,0.025,0.05,2048,26091732,0.16999999999999998,0.26562499999999994,0.26562499999999994,0.0,283.3333333333333,283333.3333333333,283.3333333333333,3100.0,238468.88814965388,19142.96458254997,0.0016666666666666668,10,1763,0.86083984375,0.8450892390964725,0.8755494389748019,0.03397260273972602,-189.98753429160493,-45.7167932188639,convergence,runs\convergence\2b0ca2a6f4ceb57475.json,1825,31000.0
Cs,2.2069469514370953e-25,1.055e-06,1.061e-06,1.11e-06,280.0,140.0,19.0,5.0,x,zero_jerk,510.0,3000.0,A,50,200.0,100.0,0.02,50.0,5.75e-09,1e-24,0.025,0.05,2048,26091732,0.16999999999999998,0.26562499999999994,0.26562499999999994,0.0,283.3333333333333,283333.3333333333,283.3333333333333,3100.0,238468.88814965388,19142.96458254997,0.0016666666666666668,50,199,0.09716796875,0.08467966822317957,0.11082248031334606,0.06572769953051638,-142.1589277737853,-38.81993703081468,convergence,runs\convergence\2b0ca2a6f4ceb57475.json,213,155000.0
Cs,2.2069469514370953e-25,1.055e-06,1.061e-06,1.11e-06,280.0,140.0,19.0,5.0,x,zero_jerk,510.0,3000.0,B,50,200.0,100.0,0.02,50.0,5.75e-09,1e-24,0.025,0.05,2048,26091732,0.16999999999999998,0.26562499999999994,0.26562499999999994,0.0,283.3333333333333,283333.3333333333,283.3333333333333,3500.0,238468.88814965388,19142.96458254997,0.0016666666666666668,1,2030,0.9912109375,0.9861449356834756,0.9947829650566313,0.0087890625,-89.50053312056333,-31.96602561698624,convergence,runs\convergence\2cce66ce1f634fe62b.json,2048,3500.0
Cs,2.2069469514370953e-25,1.055e-06,1.061e-06,1.11e-06,280.0,140.0,19.0,5.0,x,zero_jerk,510.0,3000.0,B,50,200.0,100.0,0.02,50.0,5.75e-09,1e-24,0.025,0.05,2048,26091732,0.16999999999999998,0.26562499999999994,0.26562499999999994,0.0,283.3333333333333,283333.3333333333,283.3333333333333,3500.0,238468.88814965388,19142.96458254997,0.0016666666666666668,10,1394,0.6806640625,0.6599803025384324,0.7008294062796916,0.060013486176668907,-71.61767820725368,-9.67113055619968,convergence,runs\convergence\2cce66ce1f634fe62b.json,1483,35000.0
Cs,2.2069469514370953e-25,1.055e-06,1.061e-06,1.11e-06,280.0,140.0,19.0,5.0,x,zero_jerk,510.0,3000.0,B,50,200.0,100.0,0.02,50.0,5.75e-09,1e-24,0.025,0.05,2048,26091732,0.16999999999999998,0.26562499999999994,0.26562499999999994,0.0,283.3333333333333,283333.3333333333,283.3333333333333,3500.0,238468.88814965388,19142.96458254997,0.0016666666666666668,50,108,0.052734375,0.04345671804352153,0.06331696718181021,0.027027027027026973,-65.7519438758478,-7.105615525337963,convergence,runs\convergence\2cce66ce1f634fe62b.json,111,175000.0
Cs,2.2069469514370953e-25,1.055e-06,1.061e-06,1.11e-06,280.0,140.0,19.0,5.0,x,zero_jerk,510.0,6000.0,A,50,200.0,100.0,0.02,50.0,5.75e-09,1e-24,0.025,0.05,2048,26091732,0.08499999999999999,0.13281249999999997,0.13281249999999997,0.0,70.83333333333333,35416.666666666664,70.83333333333333,6100.0,238468.88814965388,19142.96458254997,0.0008333333333333334,1,2043,0.99755859375,0.9943118427328541,0.9992068216322598,0.00244140625,-221.3575890624566,-120.8912727092949,convergence,runs\convergence\2eba0f9cdc60bd40da.json,2048,6100.0
Cs,2.2069469514370953e-25,1.055e-06,1.061e-06,1.11e-06,280.0,140.0,19.0,5.0,x,zero_jerk,510.0,6000.0,A,50,200.0,100.0,0.02,50.0,5.75e-09,1e-24,0.025,0.05,2048,26091732,0.08499999999999999,0.13281249999999997,0.13281249999999997,0.0,70.83333333333333,35416.666666666664,70.83333333333333,6100.0,238468.88814965388,19142.96458254997,0.0008333333333333334,10,1025,0.50048828125,0.47860184168091197,0.5223733211686868,0.114853195164076,-166.87903383789157,-28.789203117522142,convergence,runs\convergence\2eba0f9cdc60bd40da.json,1158,61000.0
Cs,2.2069469514370953e-25,1.055e-06,1.061e-06,1.11e-06,280.0,140.0,19.0,5.0,x,zero_jerk,510.0,6000.0,A,50,200.0,100.0,0.02,50.0,5.75e-09,1e-24,0.025,0.05,2048,26091732,0.08499999999999999,0.13281249999999997,0.13281249999999997,0.0,70.83333333333333,35416.666666666664,70.83333333333333,6100.0,238468.88814965388,19142.96458254997,0.0008333333333333334,50,6,0.0029296875,0.0010758790336718926,0.006365711368738894,0.0,-169.1360303696964,-32.09299077892755,convergence,runs\convergence\2eba0f9cdc60bd40da.json,6,305000.0
Cs,2.2069469514370953e-25,1.055e-06,1.061e-06,1.11e-06,280.0,140.0,19.0,5.0,x,zero_jerk,510.0,6000.0,B,50,200.0,100.0,0.02,50.0,5.75e-09,1e-24,0.025,0.05,2048,26091732,0.08499999999999999,0.13281249999999997,0.13281249999999997,0.0,70.83333333333333,35416.666666666664,70.83333333333333,6500.0,238468.88814965388,19142.96458254997,0.0008333333333333334,1,2001,0.97705078125,0.969598235964891,0.9830902009007111,0.02294921875,-85.927216635643,-22.16169242523863,convergence,runs\convergence\3cfbe35c1d6a7d595c.json,2048,6500.0
Cs,2.2069469514370953e-25,1.055e-06,1.061e-06,1.11e-06,280.0,140.0,19.0,5.0,x,zero_jerk,510.0,6000.0,B,50,200.0,100.0,0.02,50.0,5.75e-09,1e-24,0.025,0.05,2048,26091732,0.08499999999999999,0.13281249999999997,0.13281249999999997,0.0,70.83333333333333,35416.666666666664,70.83333333333333,6500.0,238468.88814965388,19142.96458254997,0.0008333333333333334,10,703,0.34326171875,0.3226909190657165,0.3642821529767689,0.10673443456162646,-64.7850222564009,-7.54470360644285,convergence,runs\convergence\3cfbe35c1d6a7d595c.json,787,65000.0
Cs,2.2069469514370953e-25,1.055e-06,1.061e-06,1.11e-06,280.0,140.0,19.0,5.0,x,zero_jerk,510.0,6000.0,B,50,200.0,100.0,0.02,50.0,5.75e-09,1e-24,0.025,0.05,2048,26091732,0.08499999999999999,0.13281249999999997,0.13281249999999997,0.0,70.83333333333333,35416.666666666664,70.83333333333333,6500.0,238468.88814965388,19142.96458254997,0.0008333333333333334,50,1,0.00048828125,1.2362134518014376e-05,0.0027174944939663413,0.5,-84.11071601443207,-84.11071601443207,convergence,runs\convergence\3cfbe35c1d6a7d595c.json,2,325000.0
Cs,2.2069469514370953e-25,1.055e-06,1.061e-06,1.11e-06,280.0,140.0,19.0,5.0,x,zero_jerk,510.0,3000.0,B,50,200.0,100.0,0.02,50.0,5.75e-09,1e-24,0.025,0.1,2048,26091732,0.16999999999999998,0.26562499999999994,0.26562499999999994,0.0,283.3333333333333,283333.3333333333,283.3333333333333,3500.0,238468.88814965388,19142.96458254997,0.0016666666666666668,1,2027,0.98974609375,0.9843683201734448,0.9936417803025129,0.01025390625,-89.9747897154201,-32.855049717249884,convergence,runs\convergence\5fd1145009cab49dd2.json,2048,3500.0
Cs,2.2069469514370953e-25,1.055e-06,1.061e-06,1.11e-06,280.0,140.0,19.0,5.0,x,zero_jerk,510.0,3000.0,B,50,200.0,100.0,0.02,50.0,5.75e-09,1e-24,0.025,0.1,2048,26091732,0.16999999999999998,0.26562499999999994,0.26562499999999994,0.0,283.3333333333333,283333.3333333333,283.3333333333333,3500.0,238468.88814965388,19142.96458254997,0.0016666666666666668,10,1409,0.68798828125,0.6674196308004254,0.708017445998452,0.05372733378106109,-72.43376013908197,-10.553219594649647,convergence,runs\convergence\5fd1145009cab49dd2.json,1489,35000.0
Cs,2.2069469514370953e-25,1.055e-06,1.061e-06,1.11e-06,280.0,140.0,19.0,5.0,x,zero_jerk,510.0,3000.0,B,50,200.0,100.0,0.02,50.0,5.75e-09,1e-24,0.025,0.1,2048,26091732,0.16999999999999998,0.26562499999999994,0.26562499999999994,0.0,283.3333333333333,283333.3333333333,283.3333333333333,3500.0,238468.88814965388,19142.96458254997,0.0016666666666666668,50,93,0.04541015625,0.03680565140232973,0.05534401749632669,0.07920792079207917,-60.067538465232104,-4.6036338559205525,convergence,runs\convergence\5fd1145009cab49dd2.json,101,175000.0
Cs,2.2069469514370953e-25,1.055e-06,1.061e-06,1.11e-06,280.0,140.0,19.0,5.0,x,zero_jerk,510.0,3000.0,A,50,200.0,100.0,0.02,50.0,5.75e-09,1e-24,0.025,0.1,2048,26091732,0.16999999999999998,0.26562499999999994,0.26562499999999994,0.0,283.3333333333333,283333.3333333333,283.3333333333333,3100.0,238468.88814965388,19142.96458254997,0.0016666666666666668,1,2048,1.0,0.9982004105354623,1.0,0.0,-226.56454798569467,-148.8144916191889,convergence,runs\convergence\618efef405fbec7440.json,2048,3100.0
Cs,2.2069469514370953e-25,1.055e-06,1.061e-06,1.11e-06,280.0,140.0,19.0,5.0,x,zero_jerk,510.0,3000.0,A,50,200.0,100.0,0.02,50.0,5.75e-09,1e-24,0.025,0.1,2048,26091732,0.16999999999999998,0.26562499999999994,0.26562499999999994,0.0,283.3333333333333,283333.3333333333,283.3333333333333,3100.0,238468.88814965388,19142.96458254997,0.0016666666666666668,10,1784,0.87109375,0.855804390394303,0.8853117882049865,0.0267321331151118,-189.14562842399576,-44.22357278883942,convergence,runs\convergence\618efef405fbec7440.json,1833,31000.0
Cs,2.2069469514370953e-25,1.055e-06,1.061e-06,1.11e-06,280.0,140.0,19.0,5.0,x,zero_jerk,510.0,3000.0,A,50,200.0,100.0,0.02,50.0,5.75e-09,1e-24,0.025,0.1,2048,26091732,0.16999999999999998,0.26562499999999994,0.26562499999999994,0.0,283.3333333333333,283333.3333333333,283.3333333333333,3100.0,238468.88814965388,19142.96458254997,0.0016666666666666668,50,214,0.1044921875,0.09157299048366847,0.11855551662792287,0.044642857142857095,-130.64783792874772,-32.324314524316684,convergence,runs\convergence\618efef405fbec7440.json,224,155000.0
Cs,2.2069469514370953e-25,1.055e-06,1.061e-06,1.11e-06,280.0,140.0,19.0,5.0,x,zero_jerk,510.0,6000.0,A,50,200.0,100.0,0.02,50.0,5.75e-09,1e-24,0.025,0.1,2048,26091732,0.08499999999999999,0.13281249999999997,0.13281249999999997,0.0,70.83333333333333,35416.666666666664,70.83333333333333,6100.0,238468.88814965388,19142.96458254997,0.0008333333333333334,1,2043,0.99755859375,0.9943118427328541,0.9992068216322598,0.00244140625,-220.33891647139157,-124.7027432171775,convergence,runs\convergence\817637f208e1b023a9.json,2048,6100.0
Cs,2.2069469514370953e-25,1.055e-06,1.061e-06,1.11e-06,280.0,140.0,19.0,5.0,x,zero_jerk,510.0,6000.0,A,50,200.0,100.0,0.02,50.0,5.75e-09,1e-24,0.025,0.1,2048,26091732,0.08499999999999999,0.13281249999999997,0.13281249999999997,0.0,70.83333333333333,35416.666666666664,70.83333333333333,6100.0,238468.88814965388,19142.96458254997,0.0008333333333333334,10,1017,0.49658203125,0.4747016853212933,0.5184721747347776,0.10789473684210527,-169.567404832182,-26.361362572381363,convergence,runs\convergence\817637f208e1b023a9.json,1140,61000.0
Cs,2.2069469514370953e-25,1.055e-06,1.061e-06,1.11e-06,280.0,140.0,19.0,5.0,x,zero_jerk,510.0,6000.0,A,50,200.0,100.0,0.02,50.0,5.75e-09,1e-24,0.025,0.1,2048,26091732,0.08499999999999999,0.13281249999999997,0.13281249999999997,0.0,70.83333333333333,35416.666666666664,70.83333333333333,6100.0,238468.88814965388,19142.96458254997,0.0008333333333333334,50,9,0.00439453125,0.0020113686752922964,0.008325728183432385,0.09999999999999998,-181.00665539575846,-67.48203673035643,convergence,runs\convergence\817637f208e1b023a9.json,10,305000.0
Cs,2.2069469514370953e-25,1.055e-06,1.061e-06,1.11e-06,280.0,140.0,19.0,5.0,x,zero_jerk,510.0,6000.0,A,50,200.0,100.0,0.02,50.0,5.75e-09,1e-24,0.025,0.2,2048,26091732,0.08499999999999999,0.13281249999999997,0.13281249999999997,0.0,70.83333333333333,35416.666666666664,70.83333333333333,6100.0,238468.88814965388,19142.96458254997,0.0008333333333333334,1,2047,0.99951171875,0.9972825055060337,0.999987637865482,0.00048828125,-221.42901967306062,-121.24688106129464,convergence,runs\convergence\8313e8ede4ed9f3f42.json,2048,6100.0
Cs,2.2069469514370953e-25,1.055e-06,1.061e-06,1.11e-06,280.0,140.0,19.0,5.0,x,zero_jerk,510.0,6000.0,A,50,200.0,100.0,0.02,50.0,5.75e-09,1e-24,0.025,0.2,2048,26091732,0.08499999999999999,0.13281249999999997,0.13281249999999997,0.0,70.83333333333333,35416.666666666664,70.83333333333333,6100.0,238468.88814965388,19142.96458254997,0.0008333333333333334,10,1020,0.498046875,0.4761640892550975,0.5199352593470898,0.1076115485564304,-172.50949789285193,-30.932186819380806,convergence,runs\convergence\8313e8ede4ed9f3f42.json,1143,61000.0
Cs,2.2069469514370953e-25,1.055e-06,1.061e-06,1.11e-06,280.0,140.0,19.0,5.0,x,zero_jerk,510.0,6000.0,A,50,200.0,100.0,0.02,50.0,5.75e-09,1e-24,0.025,0.2,2048,26091732,0.08499999999999999,0.13281249999999997,0.13281249999999997,0.0,70.83333333333333,35416.666666666664,70.83333333333333,6100.0,238468.88814965388,19142.96458254997,0.0008333333333333334,50,6,0.0029296875,0.0010758790336718926,0.006365711368738894,0.25,-156.95886063358196,-15.844461086443726,convergence,runs\convergence\8313e8ede4ed9f3f42.json,8,305000.0
Cs,2.2069469514370953e-25,1.055e-06,1.061e-06,1.11e-06,280.0,140.0,19.0,5.0,x,zero_jerk,510.0,3000.0,B,50,200.0,100.0,0.02,50.0,5.75e-09,1e-24,0.025,0.2,2048,26091732,0.16999999999999998,0.26562499999999994,0.26562499999999994,0.0,283.3333333333333,283333.3333333333,283.3333333333333,3500.0,238468.88814965388,19142.96458254997,0.0016666666666666668,1,2033,0.99267578125,0.9879485450233535,0.9958950653184258,0.00732421875,-90.32851893373437,-32.141977998842215,convergence,runs\convergence\9944cb9bdd7e6a8bd9.json,2048,3500.0
Cs,2.2069469514370953e-25,1.055e-06,1.061e-06,1.11e-06,280.0,140.0,19.0,5.0,x,zero_jerk,510.0,3000.0,B,50,200.0,100.0,0.02,50.0,5.75e-09,1e-24,0.025,0.2,2048,26091732,0.16999999999999998,0.26562499999999994,0.26562499999999994,0.0,283.3333333333333,283333.3333333333,283.3333333333333,3500.0,238468.88814965388,19142.96458254997,0.0016666666666666668,10,1394,0.6806640625,0.6599803025384324,0.7008294062796916,0.05427408412483037,-72.43827067179754,-12.028897181262769,convergence,runs\convergence\9944cb9bdd7e6a8bd9.json,1474,35000.0
Cs,2.2069469514370953e-25,1.055e-06,1.061e-06,1.11e-06,280.0,140.0,19.0,5.0,x,zero_jerk,510.0,3000.0,B,50,200.0,100.0,0.02,50.0,5.75e-09,1e-24,0.025,0.2,2048,26091732,0.16999999999999998,0.26562499999999994,0.26562499999999994,0.0,283.3333333333333,283333.3333333333,283.3333333333333,3500.0,238468.88814965388,19142.96458254997,0.0016666666666666668,50,90,0.0439453125,0.035482742204859224,0.053742226107430804,0.07216494845360821,-60.87069061191902,-6.685882241068437,convergence,runs\convergence\9944cb9bdd7e6a8bd9.json,97,175000.0
Cs,2.2069469514370953e-25,1.055e-06,1.061e-06,1.11e-06,280.0,140.0,19.0,5.0,x,zero_jerk,510.0,1600.0,B,50,200.0,100.0,0.02,50.0,5.75e-09,1e-24,0.025,0.1,2048,26091732,0.31875,0.49804687499999994,0.49804687499999994,0.0,996.09375,1867675.7812500002,996.09375,2100.0,238468.88814965388,19142.96458254997,0.003125,1,2038,0.9951171875,0.9910387237246729,0.9976560933103396,0.0048828125,-91.15236816985703,-35.14758013551155,convergence,runs\convergence\9a9045efa278243cc7.json,2048,2100.0
Cs,2.2069469514370953e-25,1.055e-06,1.061e-06,1.11e-06,280.0,140.0,19.0,5.0,x,zero_jerk,510.0,1600.0,B,50,200.0,100.0,0.02,50.0,5.75e-09,1e-24,0.025,0.1,2048,26091732,0.31875,0.49804687499999994,0.49804687499999994,0.0,996.09375,1867675.7812500002,996.09375,2100.0,238468.88814965388,19142.96458254997,0.003125,10,1720,0.83984375,0.823231579730995,0.8554766288224267,0.03425042111173493,-79.27332150936982,-18.328154963677285,convergence,runs\convergence\9a9045efa278243cc7.json,1781,21000.0
Cs,2.2069469514370953e-25,1.055e-06,1.061e-06,1.11e-06,280.0,140.0,19.0,5.0,x,zero_jerk,510.0,1600.0,B,50,200.0,100.0,0.02,50.0,5.75e-09,1e-24,0.025,0.1,2048,26091732,0.31875,0.49804687499999994,0.49804687499999994,0.0,996.09375,1867675.7812500002,996.09375,2100.0,238468.88814965388,19142.96458254997,0.003125,50,343,0.16748046875,0.15154914287074242,0.18436964558792604,0.031073446327683607,-67.60263292184571,-16.242457156483727,convergence,runs\convergence\9a9045efa278243cc7.json,354,105000.0
Cs,2.2069469514370953e-25,1.055e-06,1.061e-06,1.11e-06,280.0,140.0,19.0,5.0,x,zero_jerk,510.0,3000.0,A,50,200.0,100.0,0.02,50.0,5.75e-09,1e-24,0.025,0.2,2048,26091732,0.16999999999999998,0.26562499999999994,0.26562499999999994,0.0,283.3333333333333,283333.3333333333,283.3333333333333,3100.0,238468.88814965388,19142.96458254997,0.0016666666666666668,1,2048,1.0,0.9982004105354623,1.0,0.0,-227.23597286137647,-151.8425450785458,convergence,runs\convergence\9cb50e726798e00dc1.json,2048,3100.0
Cs,2.2069469514370953e-25,1.055e-06,1.061e-06,1.11e-06,280.0,140.0,19.0,5.0,x,zero_jerk,510.0,3000.0,A,50,200.0,100.0,0.02,50.0,5.75e-09,1e-24,0.025,0.2,2048,26091732,0.16999999999999998,0.26562499999999994,0.26562499999999994,0.0,283.3333333333333,283333.3333333333,283.3333333333333,3100.0,238468.88814965388,19142.96458254997,0.0016666666666666668,10,1825,0.89111328125,0.8768144744731025,0.9042811431916032,0.027703782631859353,-184.98445335400982,-46.030782830293354,convergence,runs\convergence\9cb50e726798e00dc1.json,1877,31000.0
Cs,2.2069469514370953e-25,1.055e-06,1.061e-06,1.11e-06,280.0,140.0,19.0,5.0,x,zero_jerk,510.0,3000.0,A,50,200.0,100.0,0.02,50.0,5.75e-09,1e-24,0.025,0.2,2048,26091732,0.16999999999999998,0.26562499999999994,0.26562499999999994,0.0,283.3333333333333,283333.3333333333,283.3333333333333,3100.0,238468.88814965388,19142.96458254997,0.0016666666666666668,50,214,0.1044921875,0.09157299048366847,0.11855551662792287,0.08154506437768239,-141.87629220048655,-35.25867380880933,convergence,runs\convergence\9cb50e726798e00dc1.json,233,155000.0
Cs,2.2069469514370953e-25,1.055e-06,1.061e-06,1.11e-06,280.0,140.0,19.0,5.0,x,zero_jerk,510.0,1600.0,B,50,200.0,100.0,0.02,50.0,5.75e-09,1e-24,0.025,0.05,2048,26091732,0.31875,0.49804687499999994,0.49804687499999994,0.0,996.09375,1867675.7812500002,996.09375,2100.0,238468.88814965388,19142.96458254997,0.003125,1,2037,0.99462890625,0.9904099966385991,0.9973158115582019,0.00537109375,-91.79211663122159,-34.8844274666379,convergence,runs\convergence\a4facaaa2ce9ba71fe.json,2048,2100.0
Cs,2.2069469514370953e-25,1.055e-06,1.061e-06,1.11e-06,280.0,140.0,19.0,5.0,x,zero_jerk,510.0,1600.0,B,50,200.0,100.0,0.02,50.0,5.75e-09,1e-24,0.025,0.05,2048,26091732,0.31875,0.49804687499999994,0.49804687499999994,0.0,996.09375,1867675.7812500002,996.09375,2100.0,238468.88814965388,19142.96458254997,0.003125,10,1698,0.8291015625,0.8120869564145006,0.845168309877385,0.030268418046830337,-79.09250039296958,-17.828795458765242,convergence,runs\convergence\a4facaaa2ce9ba71fe.json,1751,21000.0
Cs,2.2069469514370953e-25,1.055e-06,1.061e-06,1.11e-06,280.0,140.0,19.0,5.0,x,zero_jerk,510.0,1600.0,B,50,200.0,100.0,0.02,50.0,5.75e-09,1e-24,0.025,0.05,2048,26091732,0.31875,0.49804687499999994,0.49804687499999994,0.0,996.09375,1867675.7812500002,996.09375,2100.0,238468.88814965388,19142.96458254997,0.003125,50,376,0.18359375,0.16704434035221474,0.20105397048116477,0.043256997455470736,-66.43082931859928,-15.849417779938202,convergence,runs\convergence\a4facaaa2ce9ba71fe.json,393,105000.0
Cs,2.2069469514370953e-25,1.055e-06,1.061e-06,1.11e-06,280.0,140.0,19.0,5.0,x,zero_jerk,510.0,1600.0,A,50,200.0,100.0,0.02,50.0,5.75e-09,1e-24,0.025,0.1,2048,26091732,0.31875,0.49804687499999994,0.49804687499999994,0.0,996.09375,1867675.7812500002,996.09375,1699.9999999999998,238468.88814965388,19142.96458254997,0.003125,1,2047,0.99951171875,0.9972825055060337,0.999987637865482,0.00048828125,-227.48235593740884,-159.26984988223393,convergence,runs\convergence\b3cdb813b738871b87.json,2048,1699.9999999999998
Cs,2.2069469514370953e-25,1.055e-06,1.061e-06,1.11e-06,280.0,140.0,19.0,5.0,x,zero_jerk,510.0,1600.0,A,50,200.0,100.0,0.02,50.0,5.75e-09,1e-24,0.025,0.1,2048,26091732,0.31875,0.49804687499999994,0.49804687499999994,0.0,996.09375,1867675.7812500002,996.09375,1699.9999999999998,238468.88814965388,19142.96458254997,0.003125,10,1970,0.9619140625,0.9526929352108405,0.9697804522634632,0.011044176706827336,-206.96303091735865,-82.34541261453451,convergence,runs\convergence\b3cdb813b738871b87.json,1992,16999.999999999996
Cs,2.2069469514370953e-25,1.055e-06,1.061e-06,1.11e-06,280.0,140.0,19.0,5.0,x,zero_jerk,510.0,1600.0,A,50,200.0,100.0,0.02,50.0,5.75e-09,1e-24,0.025,0.1,2048,26091732,0.31875,0.49804687499999994,0.49804687499999994,0.0,996.09375,1867675.7812500002,996.09375,1699.9999999999998,238468.88814965388,19142.96458254997,0.003125,50,629,0.30712890625,0.28719376292096166,0.3276175856910141,0.04841149773071107,-160.73338626970974,-55.01862127078346,convergence,runs\convergence\b3cdb813b738871b87.json,661,84999.99999999999
Cs,2.2069469514370953e-25,1.055e-06,1.061e-06,1.11e-06,280.0,140.0,19.0,5.0,x,zero_jerk,510.0,6000.0,B,50,200.0,100.0,0.02,50.0,5.75e-09,1e-24,0.025,0.1,2048,26091732,0.08499999999999999,0.13281249999999997,0.13281249999999997,0.0,70.83333333333333,35416.666666666664,70.83333333333333,6500.0,238468.88814965388,19142.96458254997,0.0008333333333333334,1,1990,0.9716796875,0.9635418073546342,0.9784265157723455,0.0283203125,-86.7563183694412,-24.204724396619945,convergence,runs\convergence\de708a9b98ba5f1065.json,2048,6500.0
Cs,2.2069469514370953e-25,1.055e-06,1.061e-06,1.11e-06,280.0,140.0,19.0,5.0,x,zero_jerk,510.0,6000.0,B,50,200.0,100.0,0.02,50.0,5.75e-09,1e-24,0.025,0.1,2048,26091732,0.08499999999999999,0.13281249999999997,0.13281249999999997,0.0,70.83333333333333,35416.666666666664,70.83333333333333,6500.0,238468.88814965388,19142.96458254997,0.0008333333333333334,10,678,0.3310546875,0.3106833287547477,0.35191076529065207,0.1363057324840764,-65.1996864515474,-6.334102577900884,convergence,runs\convergence\de708a9b98ba5f1065.json,785,65000.0
Cs,2.2069469514370953e-25,1.055e-06,1.061e-06,1.11e-06,280.0,140.0,19.0,5.0,x,zero_jerk,510.0,6000.0,B,50,200.0,100.0,0.02,50.0,5.75e-09,1e-24,0.025,0.1,2048,26091732,0.08499999999999999,0.13281249999999997,0.13281249999999997,0.0,70.83333333333333,35416.666666666664,70.83333333333333,6500.0,238468.88814965388,19142.96458254997,0.0008333333333333334,50,1,0.00048828125,1.2362134518014376e-05,0.0027174944939663413,0.5,-35.526982769021956,-35.526982769021956,convergence,runs\convergence\de708a9b98ba5f1065.json,2,325000.0
Cs,2.2069469514370953e-25,1.055e-06,1.061e-06,1.11e-06,280.0,140.0,19.0,5.0,x,zero_jerk,510.0,1600.0,A,50,200.0,100.0,0.02,50.0,5.75e-09,1e-24,0.025,0.2,2048,26091732,0.31875,0.49804687499999994,0.49804687499999994,0.0,996.09375,1867675.7812500002,996.09375,1699.9999999999998,238468.88814965388,19142.96458254997,0.003125,1,2047,0.99951171875,0.9972825055060337,0.999987637865482,0.00048828125,-228.16320330031232,-158.44536034629246,convergence,runs\convergence\f3dd1e2962e6d32e86.json,2048,1699.9999999999998
Cs,2.2069469514370953e-25,1.055e-06,1.061e-06,1.11e-06,280.0,140.0,19.0,5.0,x,zero_jerk,510.0,1600.0,A,50,200.0,100.0,0.02,50.0,5.75e-09,1e-24,0.025,0.2,2048,26091732,0.31875,0.49804687499999994,0.49804687499999994,0.0,996.09375,1867675.7812500002,996.09375,1699.9999999999998,238468.88814965388,19142.96458254997,0.003125,10,1964,0.958984375,0.9494694749965944,0.9671548316811025,0.008581524482584535,-207.69748198205113,-86.19482210032577,convergence,runs\convergence\f3dd1e2962e6d32e86.json,1981,16999.999999999996
Cs,2.2069469514370953e-25,1.055e-06,1.061e-06,1.11e-06,280.0,140.0,19.0,5.0,x,zero_jerk,510.0,1600.0,A,50,200.0,100.0,0.02,50.0,5.75e-09,1e-24,0.025,0.2,2048,26091732,0.31875,0.49804687499999994,0.49804687499999994,0.0,996.09375,1867675.7812500002,996.09375,1699.9999999999998,238468.88814965388,19142.96458254997,0.003125,50,622,0.3037109375,0.2838431706607745,0.324142077773332,0.04160246533127887,-163.01810911673493,-49.325973294763806,convergence,runs\convergence\f3dd1e2962e6d32e86.json,649,84999.99999999999
Cs,2.2069469514370953e-25,1.055e-06,1.061e-06,1.11e-06,280.0,140.0,19.0,5.0,x,zero_jerk,510.0,1600.0,A,50,200.0,100.0,0.02,50.0,5.75e-09,1e-24,0.025,0.05,2048,26091732,0.31875,0.49804687499999994,0.49804687499999994,0.0,996.09375,1867675.7812500002,996.09375,1699.9999999999998,238468.88814965388,19142.96458254997,0.003125,1,2047,0.99951171875,0.9972825055060337,0.999987637865482,0.00048828125,-228.15497278817358,-158.47036756716304,convergence,runs\convergence\fd59eba087ad44ecc3.json,2048,1699.9999999999998
Cs,2.2069469514370953e-25,1.055e-06,1.061e-06,1.11e-06,280.0,140.0,19.0,5.0,x,zero_jerk,510.0,1600.0,A,50,200.0,100.0,0.02,50.0,5.75e-09,1e-24,0.025,0.05,2048,26091732,0.31875,0.49804687499999994,0.49804687499999994,0.0,996.09375,1867675.7812500002,996.09375,1699.9999999999998,238468.88814965388,19142.96458254997,0.003125,10,1964,0.958984375,0.9494694749965944,0.9671548316811025,0.00958144225920321,-206.21791830822463,-82.76812743439011,convergence,runs\convergence\fd59eba087ad44ecc3.json,1983,16999.999999999996
Cs,2.2069469514370953e-25,1.055e-06,1.061e-06,1.11e-06,280.0,140.0,19.0,5.0,x,zero_jerk,510.0,1600.0,A,50,200.0,100.0,0.02,50.0,5.75e-09,1e-24,0.025,0.05,2048,26091732,0.31875,0.49804687499999994,0.49804687499999994,0.0,996.09375,1867675.7812500002,996.09375,1699.9999999999998,238468.88814965388,19142.96458254997,0.003125,50,619,0.30224609375,0.28240759972538126,0.3226521777332361,0.03881987577639756,-161.21865953298305,-58.880461718711985,convergence,runs\convergence\fd59eba087ad44ecc3.json,644,84999.99999999999
