species,mass,wavelength,slm_wavelength,waist,depth_uK,slm_depth_uK,temperature_uK,tau_us,geometry,trajectory,distance_um,duration_us,protocol,repeats,ramp_us,hold_us,disorder,alignment_nm,rin,pointing,dt_us,noise_us,shots,seed,average_m_s,peak_m_s,peak_x_m_s,peak_y_m_s,peak_accel_m_s2,interior_peak_jerk_m_s3,acceleration_join_jump_m_s2,complete_oneway_us,omega_r_rad_s,maximum_static_force_acceleration,tau_over_T,repeat,alive,survival,lower,upper,conditional_loss,median_energy_uK,energy_p95_uK,group,file,previous_alive,elapsed_total_us,exp,exp_error,residual
Yb,2.8384645652309205e-25,4.87e-07,1.061e-06,7.7e-07,95.98486146732442,140.0,5.0,5.0,x,min_jerk,50.0,11.0,A,1,200.0,100.0,0.0,0.0,0.0,0.0,0.05,0.2,1024,26091701,4.545454545454545,8.522727272727272,8.522727272727272,0.0,2385744.9140067194,2253944402704.733,0.0,111.0,177476.37295695557,7355.201545779551,0.45454545454545453,1,0,0.0,0.0,0.0035959404068344786,1.0,,,native,runs\native\77ab1872178dca69b7.json,1024,111.0,0.0102714600146735,0.0027310283529994,-0.0102714600146735
Yb,2.8384645652309205e-25,4.87e-07,1.061e-06,7.7e-07,95.98486146732442,140.0,5.0,5.0,x,min_jerk,50.0,22.0,A,1,200.0,100.0,0.0,0.0,0.0,0.0,0.05,0.2,1024,26091701,2.2727272727272725,4.261363636363636,4.261363636363636,0.0,596436.2285016798,281743050338.0916,0.0,122.0,177476.37295695557,7355.201545779551,0.22727272727272727,1,0,0.0,0.0,0.0035959404068344786,1.0,,,native,runs\native\68ac6484a709574341.json,1024,122.0,0.0053435114503816,0.0020142542301394,-0.0053435114503816
Yb,2.8384645652309205e-25,4.87e-07,1.061e-06,7.7e-07,95.98486146732442,140.0,5.0,5.0,x,min_jerk,50.0,33.0,A,1,200.0,100.0,0.0,0.0,0.0,0.0,0.05,0.2,1024,26091701,1.5151515151515151,2.840909090909091,2.840909090909091,0.0,265082.7682229689,83479422322.39755,0.0,133.0,177476.37295695557,7355.201545779551,0.15151515151515152,1,0,0.0,0.0,0.0035959404068344786,1.0,,,native,runs\native\f0afe5dcac5d0ad672.json,1024,133.0,0.0022865853658536,0.001318650482668,-0.0022865853658536
Yb,2.8384645652309205e-25,4.87e-07,1.061e-06,7.7e-07,95.98486146732442,140.0,5.0,5.0,x,min_jerk,50.0,44.0,A,1,200.0,100.0,0.0,0.0,0.0,0.0,0.05,0.2,1024,26091701,1.1363636363636362,2.130681818181818,2.130681818181818,0.0,149109.05712541996,35217881292.26145,0.0,144.0,177476.37295695557,7355.201545779551,0.11363636363636363,1,0,0.0,0.0,0.0035959404068344786,1.0,,,native,runs\native\9a9a8a5d3d12418d8b.json,1024,144.0,0.0,0.0,0.0
Yb,2.8384645652309205e-25,4.87e-07,1.061e-06,7.7e-07,95.98486146732442,140.0,5.0,5.0,x,min_jerk,50.0,55.0,A,1,200.0,100.0,0.0,0.0,0.0,0.0,0.05,0.2,1024,26091701,0.9090909090909091,1.7045454545454546,1.7045454545454546,0.0,95429.7965602688,18031555221.637867,0.0,155.0,177476.37295695557,7355.201545779551,0.09090909090909091,1,0,0.0,0.0,0.0035959404068344786,1.0,,,native,runs\native\92def3512734ea9f7e.json,1024,155.0,0.0,0.0,0.0
Yb,2.8384645652309205e-25,4.87e-07,1.061e-06,7.7e-07,95.98486146732442,140.0,5.0,5.0,x,min_jerk,50.0,66.0,A,1,200.0,100.0,0.0,0.0,0.0,0.0,0.05,0.2,1024,26091701,0.7575757575757576,1.4204545454545454,1.4204545454545454,0.0,66270.69205574223,10434927790.299694,0.0,166.0,177476.37295695557,7355.201545779551,0.07575757575757576,1,0,0.0,0.0,0.0035959404068344786,1.0,,,native,runs\native\7d29cd59e868cafb66.json,1024,166.0,0.0,0.0,0.0
Yb,2.8384645652309205e-25,4.87e-07,1.061e-06,7.7e-07,95.98486146732442,140.0,5.0,5.0,x,min_jerk,50.0,77.0,A,1,200.0,100.0,0.0,0.0,0.0,0.0,0.05,0.2,1024,26091701,0.6493506493506492,1.2175324675324675,1.2175324675324675,0.0,48688.671714422846,6571266480.188726,0.0,177.0,177476.37295695557,7355.201545779551,0.06493506493506493,1,0,0.0,0.0,0.0035959404068344786,1.0,,,native,runs\native\65e87b0ca6932abb76.json,1024,177.0,0.0,0.0,0.0
Yb,2.8384645652309205e-25,4.87e-07,1.061e-06,7.7e-07,95.98486146732442,140.0,5.0,5.0,x,min_jerk,50.0,88.0,A,1,200.0,100.0,0.0,0.0,0.0,0.0,0.05,0.2,1024,26091701,0.5681818181818181,1.065340909090909,1.065340909090909,0.0,37277.26428135499,4402235161.532681,0.0,188.0,177476.37295695557,7355.201545779551,0.056818181818181816,1,0,0.0,0.0,0.0035959404068344786,1.0,,,native,runs\native\9c160334b1c835b748.json,1024,188.0,0.0,0.0,0.0
Yb,2.8384645652309205e-25,4.87e-07,1.061e-06,7.7e-07,95.98486146732442,140.0,5.0,5.0,x,min_jerk,50.0,99.0,A,1,200.0,100.0,0.0,0.0,0.0,0.0,0.05,0.2,1024,26091701,0.5050505050505051,0.9469696969696969,0.9469696969696969,0.0,29453.640913663206,3091830456.3850937,0.0,199.0,177476.37295695557,7355.201545779551,0.050505050505050504,1,0,0.0,0.0,0.0035959404068344786,1.0,,,native,runs\native\9c0079ab26ee9bb47b.json,1024,199.0,0.0,0.0,0.0
Yb,2.8384645652309205e-25,4.87e-07,1.061e-06,7.7e-07,95.98486146732442,140.0,5.0,5.0,x,min_jerk,50.0,110.0,A,1,200.0,100.0,0.0,0.0,0.0,0.0,0.05,0.2,1024,26091701,0.45454545454545453,0.8522727272727273,0.8522727272727273,0.0,23857.4491400672,2253944402.7047334,0.0,210.0,177476.37295695557,7355.201545779551,0.045454545454545456,1,0,0.0,0.0,0.0035959404068344786,1.0,,,native,runs\native\86635c9bdc0bd00689.json,1024,210.0,0.0,0.0,0.0
Yb,2.8384645652309205e-25,4.87e-07,1.061e-06,7.7e-07,95.98486146732442,140.0,5.0,5.0,x,min_jerk,50.0,121.0,A,1,200.0,100.0,0.0,0.0,0.0,0.0,0.05,0.2,1024,26091701,0.4132231404958677,0.774793388429752,0.774793388429752,0.0,19716.900115758013,1693421790.1613321,0.0,221.0,177476.37295695557,7355.201545779551,0.04132231404958678,1,0,0.0,0.0,0.0035959404068344786,1.0,,,native,runs\native\9a90b2dcc4472c37f8.json,1024,221.0,0.0,0.0,0.0
Yb,2.8384645652309205e-25,4.87e-07,1.061e-06,7.7e-07,95.98486146732442,140.0,5.0,5.0,x,min_jerk,50.0,132.0,A,1,200.0,100.0,0.0,0.0,0.0,0.0,0.05,0.2,1024,26091701,0.3787878787878788,0.7102272727272727,0.7102272727272727,0.0,16567.673013935557,1304365973.7874618,0.0,231.99999999999997,177476.37295695557,7355.201545779551,0.03787878787878788,1,0,0.0,0.0,0.0035959404068344786,1.0,,,native,runs\native\cd30e146cd40dfac7a.json,1024,231.99999999999997,0.0,0.0,0.0
Yb,2.8384645652309205e-25,4.87e-07,1.061e-06,7.7e-07,95.98486146732442,140.0,5.0,5.0,x,min_jerk,50.0,143.0,A,1,200.0,100.0,0.0,0.0,0.0,0.0,0.05,0.2,1024,26091701,0.3496503496503496,0.6555944055944055,0.6555944055944055,0.0,14116.833810690645,1025919163.7254132,0.0,243.0,177476.37295695557,7355.201545779551,0.03496503496503497,1,0,0.0,0.0,0.0035959404068344786,1.0,,,native,runs\native\0f67afe3c9375c1e86.json,1024,243.0,0.0,0.0,0.0
Yb,2.8384645652309205e-25,4.87e-07,1.061e-06,7.7e-07,95.98486146732442,140.0,5.0,5.0,x,min_jerk,50.0,154.0,A,1,200.0,100.0,0.0,0.0,0.0,0.0,0.05,0.2,1024,26091701,0.3246753246753246,0.6087662337662337,0.6087662337662337,0.0,12172.167928605711,821408310.0235908,0.0,254.0,177476.37295695557,7355.201545779551,0.032467532467532464,1,0,0.0,0.0,0.0035959404068344786,1.0,,,native,runs\native\d9d3ab72f318ba3745.json,1024,254.0,0.0,0.0,0.0
Yb,2.8384645652309205e-25,4.87e-07,1.061e-06,7.7e-07,95.98486146732442,140.0,5.0,5.0,x,min_jerk,50.0,165.0,A,1,200.0,100.0,0.0,0.0,0.0,0.0,0.05,0.2,1024,26091701,0.303030303030303,0.5681818181818181,0.5681818181818181,0.0,10603.310728918754,667835378.5791801,0.0,265.0,177476.37295695557,7355.201545779551,0.030303030303030304,1,0,0.0,0.0,0.0035959404068344786,1.0,,,native,runs\native\c2b2720b618ed790e0.json,1024,265.0,0.0,0.0,0.0
Yb,2.8384645652309205e-25,4.87e-07,1.061e-06,7.7e-07,95.98486146732442,140.0,5.0,5.0,x,min_jerk,50.0,176.0,A,1,200.0,100.0,0.0,0.0,0.0,0.0,0.05,0.2,1024,26091701,0.28409090909090906,0.5326704545454545,0.5326704545454545,0.0,9319.316070338748,550279395.1915852,0.0,276.0,177476.37295695557,7355.201545779551,0.028409090909090908,1,0,0.0,0.0,0.0035959404068344786,1.0,,,native,runs\native\03cbf3a0c11f54b8e5.json,1024,276.0,0.0,0.0,0.0
Yb,2.8384645652309205e-25,4.87e-07,1.061e-06,7.7e-07,95.98486146732442,140.0,5.0,5.0,x,min_jerk,50.0,187.0,A,1,200.0,100.0,0.0,0.0,0.0,0.0,0.05,0.2,1024,26091701,0.26737967914438504,0.5013368983957219,0.5013368983957219,0.0,8255.17271282602,458771504.72312915,0.0,287.0,177476.37295695557,7355.201545779551,0.026737967914438502,1,0,0.0,0.0,0.0035959404068344786,1.0,,,native,runs\native\e2337847d00e47d3cf.json,1024,287.0,0.0,0.0,0.0
Yb,2.8384645652309205e-25,4.87e-07,1.061e-06,7.7e-07,95.98486146732442,140.0,5.0,5.0,x,min_jerk,50.0,198.0,A,1,200.0,100.0,0.0,0.0,0.0,0.0,0.05,0.2,1024,26091701,0.25252525252525254,0.47348484848484845,0.47348484848484845,0.0,7363.410228415802,386478807.0481367,0.0,298.0,177476.37295695557,7355.201545779551,0.025252525252525252,1,0,0.0,0.0,0.0035959404068344786,1.0,,,native,runs\native\30f3aa3156f4aa3710.json,1024,298.0,0.0,0.0,0.0
Yb,2.8384645652309205e-25,4.87e-07,1.061e-06,7.7e-07,95.98486146732442,140.0,5.0,5.0,x,min_jerk,50.0,209.0,A,1,200.0,100.0,0.0,0.0,0.0,0.0,0.05,0.2,1024,26091701,0.23923444976076555,0.4485645933014354,0.4485645933014354,0.0,6608.711673148809,328611226.520591,0.0,309.0,177476.37295695557,7355.201545779551,0.023923444976076555,1,0,0.0,0.0,0.0035959404068344786,1.0,,,native,runs\native\bf256583326a8f9b14.json,1024,309.0,0.0,0.0,0.0
Yb,2.8384645652309205e-25,4.87e-07,1.061e-06,7.7e-07,95.98486146732442,140.0,5.0,5.0,x,min_jerk,50.0,220.0,A,1,200.0,100.0,0.0,0.0,0.0,0.0,0.05,0.2,1024,26091701,0.22727272727272727,0.42613636363636365,0.42613636363636365,0.0,5964.3622850168,281743050.3380917,0.0,320.0,177476.37295695557,7355.201545779551,0.022727272727272728,1,0,0.0,0.0,0.0035959404068344786,1.0,,,native,runs\native\c135caffcd4426adff.json,1024,320.0,0.0067264573991031,0.0038704387794156,-0.0067264573991031
Yb,2.8384645652309205e-25,4.87e-07,1.061e-06,7.7e-07,95.98486146732442,140.0,5.0,5.0,x,min_jerk,50.0,231.0,A,1,200.0,100.0,0.0,0.0,0.0,0.0,0.05,0.2,1024,26091701,0.21645021645021645,0.40584415584415584,0.40584415584415584,0.0,5409.852412713651,243380240.00698993,0.0,331.0,177476.37295695557,7355.201545779551,0.021645021645021644,1,0,0.0,0.0,0.0035959404068344786,1.0,,,native,runs\native\b232fb0d67ce90d869.json,1024,331.0,0.0623608017817371,0.0114117054138213,-0.0623608017817371
Yb,2.8384645652309205e-25,4.87e-07,1.061e-06,7.7e-07,95.98486146732442,140.0,5.0,5.0,x,min_jerk,50.0,242.0,A,1,200.0,100.0,0.0,0.0,0.0,0.0,0.05,0.2,1024,26091701,0.20661157024793386,0.387396694214876,0.387396694214876,0.0,4929.225028939503,211677723.77016652,0.0,342.0,177476.37295695557,7355.201545779551,0.02066115702479339,1,0,0.0,0.0,0.0035959404068344786,1.0,,,native,runs\native\4a862e64a6e2f56d5f.json,1024,342.0,0.2088167053364269,0.0195786408139753,-0.2088167053364269
Yb,2.8384645652309205e-25,4.87e-07,1.061e-06,7.7e-07,95.98486146732442,140.0,5.0,5.0,x,min_jerk,50.0,253.0,A,1,200.0,100.0,0.0,0.0,0.0,0.0,0.05,0.2,1024,26091701,0.1976284584980237,0.3705533596837945,0.3705533596837945,0.0,4509.914771279244,185250628.97219804,0.0,353.0,177476.37295695557,7355.201545779551,0.019762845849802372,1,0,0.0,0.0,0.0035959404068344786,1.0,,,native,runs\native\2cf5dcece1fa2181e5.json,1024,353.0,0.3146853146853147,0.0224209810272756,-0.3146853146853147
Yb,2.8384645652309205e-25,4.87e-07,1.061e-06,7.7e-07,95.98486146732442,140.0,5.0,5.0,x,min_jerk,50.0,264.0,A,1,200.0,100.0,0.0,0.0,0.0,0.0,0.05,0.2,1024,26091701,0.1893939393939394,0.35511363636363635,0.35511363636363635,0.0,4141.918253483889,163045746.72343272,0.0,363.99999999999994,177476.37295695557,7355.201545779551,0.01893939393939394,1,0,0.0,0.0,0.0035959404068344786,1.0,,,native,runs\native\ee45cf4c64e0b28e33.json,1024,363.99999999999994,0.4135514018691589,0.0238044329434633,-0.4135514018691589
Yb,2.8384645652309205e-25,4.87e-07,1.061e-06,7.7e-07,95.98486146732442,140.0,5.0,5.0,x,min_jerk,50.0,275.0,A,1,200.0,100.0,0.0,0.0,0.0,0.0,0.05,0.2,1024,26091701,0.18181818181818182,0.34090909090909094,0.34090909090909094,0.0,3817.1918624107525,144252441.77310297,0.0,374.99999999999994,177476.37295695557,7355.201545779551,0.01818181818181818,1,0,0.0,0.0,0.0035959404068344786,1.0,,,native,runs\native\af1feb5d6440a436dc.json,1024,374.99999999999994,0.5707964601769911,0.0232810769195993,-0.5707964601769911
Yb,2.8384645652309205e-25,4.87e-07,1.061e-06,7.7e-07,95.98486146732442,140.0,5.0,5.0,x,min_jerk,50.0,286.0,A,1,200.0,100.0,0.0,0.0,0.0,0.0,0.05,0.2,1024,26091701,0.1748251748251748,0.32779720279720276,0.32779720279720276,0.0,3529.208452672661,128239895.46567665,0.0,386.0,177476.37295695557,7355.201545779551,0.017482517482517484,1,1,0.0009765625,2.4724116213658914e-05,0.00542892773706297,0.9990234375,-41.22648193697269,-41.22648193697269,native,runs\native\6eb712fca588fb84bd.json,1024,386.0,0.6760869565217391,0.0218190873629983,-0.6751103940217391
Yb,2.8384645652309205e-25,4.87e-07,1.061e-06,7.7e-07,95.98486146732442,140.0,5.0,5.0,x,min_jerk,50.0,297.0,A,1,200.0,100.0,0.0,0.0,0.0,0.0,0.05,0.2,1024,26091701,0.16835016835016833,0.31565656565656564,0.31565656565656564,0.0,3272.6267681848003,114512239.12537381,0.0,397.0,177476.37295695557,7355.201545779551,0.016835016835016835,1,27,0.0263671875,0.017446446252622014,0.03813225391319969,0.9736328125,-40.48960306077678,-6.4440129868123295,native,runs\native\b64f635a6e82f036a0.json,1024,397.0,0.8266666666666667,0.0178443199110086,-0.8002994791666667
Yb,2.8384645652309205e-25,4.87e-07,1.061e-06,7.7e-07,95.98486146732442,140.0,5.0,5.0,x,min_jerk,50.0,308.0,A,1,200.0,100.0,0.0,0.0,0.0,0.0,0.05,0.2,1024,26091701,0.1623376623376623,0.30438311688311687,0.30438311688311687,0.0,3043.041982151428,102676038.75294885,0.0,408.0,177476.37295695557,7355.201545779551,0.016233766233766232,1,154,0.150390625,0.12903828569712664,0.1737741449944742,0.849609375,-42.174190094259316,-12.221415015802746,native,runs\native\b46eb9399aa31ad735.json,1024,408.0,0.9145833333333332,0.012757404689877,-0.7641927083333332
Yb,2.8384645652309205e-25,4.87e-07,1.061e-06,7.7e-07,95.98486146732442,140.0,5.0,5.0,x,min_jerk,50.0,319.0,A,1,200.0,100.0,0.0,0.0,0.0,0.0,0.05,0.2,1024,26091701,0.1567398119122257,0.29388714733542315,0.29388714733542315,0.0,2836.7953793183347,92416433.74901526,0.0,419.0,177476.37295695557,7355.201545779551,0.01567398119122257,1,354,0.345703125,0.3165640071355284,0.3757324383394362,0.654296875,-42.95925343915062,-10.845526237919698,native,runs\native\16aada28ef71271e90.json,1024,419.0,0.9741379310344828,0.0073685641635687,-0.6284348060344828
Yb,2.8384645652309205e-25,4.87e-07,1.061e-06,7.7e-07,95.98486146732442,140.0,5.0,5.0,x,min_jerk,50.0,330.0,A,1,200.0,100.0,0.0,0.0,0.0,0.0,0.05,0.2,1024,26091701,0.1515151515151515,0.28409090909090906,0.28409090909090906,0.0,2650.8276822296884,83479422.32239752,0.0,430.0,177476.37295695557,7355.201545779551,0.015151515151515152,1,500,0.48828125,0.45724824168436295,0.5193817980987702,0.51171875,-43.103581468220455,-8.99928388421729,native,runs\native\332275e8db22b624ee.json,1024,430.0,0.9603729603729604,0.0094186168565521,-0.4720917103729604
Yb,2.8384645652309205e-25,4.87e-07,1.061e-06,7.7e-07,95.98486146732442,140.0,5.0,5.0,x,min_jerk,50.0,341.0,A,1,200.0,100.0,0.0,0.0,0.0,0.0,0.05,0.2,1024,26091701,0.14662756598240467,0.2749266862170088,0.2749266862170088,0.0,2482.5649469372734,75658568.11469011,0.0,441.0,177476.37295695557,7355.201545779551,0.01466275659824047,1,581,0.5673828125,0.5363921167905991,0.597985083983146,0.4326171875,-41.926962439057235,-9.935640704593856,native,runs\native\71990df1d9c75a7491.json,1024,441.0,0.9702127659574468,0.007841509126715,-0.40282995345744677
Yb,2.8384645652309205e-25,4.87e-07,1.061e-06,7.7e-07,95.98486146732442,140.0,5.0,5.0,x,min_jerk,50.0,363.0,A,1,200.0,100.0,0.0,0.0,0.0,0.0,0.05,0.2,1024,26091701,0.13774104683195593,0.25826446280991733,0.25826446280991733,0.0,2190.766679528668,62719325.56153082,0.0,463.0,177476.37295695557,7355.201545779551,0.013774104683195593,1,693,0.6767578125,0.6471451086006152,0.7053503692217714,0.3232421875,-39.05943234400072,-7.407478386966373,native,runs\native\6743ef105795084ea1.json,1024,463.0,0.9866666666666668,0.0054069000269317,-0.3099088541666668
Yb,2.8384645652309205e-25,4.87e-07,1.061e-06,7.7e-07,95.98486146732442,140.0,5.0,5.0,x,min_jerk,50.0,385.0,A,1,200.0,100.0,0.0,0.0,0.0,0.0,0.05,0.2,1024,26091701,0.12987012987012986,0.24350649350649348,0.24350649350649348,0.0,1947.546868576914,52570131.84150981,0.0,485.0,177476.37295695557,7355.201545779551,0.012987012987012988,1,754,0.736328125,0.7081976143346732,0.7630928669616793,0.263671875,-36.42188501087142,-10.381799862235534,native,runs\native\ba51869dffc2d8c0d4.json,1024,485.0,0.9847161572052402,0.0057324341416344,-0.2483880322052402
