gate_type,rabi_freq_MHz,relative_intensity_error,gate_infidelity
TO_2photon,2.0,0.0001,0.0029893821736622916
TO_2photon,2.0,0.00010722672220103231,0.0029895446220662425
TO_2photon,2.0,0.00011497569953977356,0.002989751995157497
TO_2photon,2.0,0.0001232846739442066,0.0029899496975829276
TO_2photon,2.0,0.00013219411484660288,0.0029901649322336965
TO_2photon,2.0,0.00014174741629268049,0.0029903853936457114
TO_2photon,2.0,0.0001519911082952933,0.0029906275307148844
TO_2photon,2.0,0.00016297508346206434,0.0029909065481550368
TO_2photon,2.0,0.0001747528400007683,0.002991204403591352
TO_2photon,2.0,0.0001873817422860383,0.002991546172383508
TO_2photon,2.0,0.00020092330025650479,0.0029919987596677133
TO_2photon,2.0,0.00021544346900318845,0.0029923913496452403
TO_2photon,2.0,0.00023101297000831605,0.002992784695774464
TO_2photon,2.0,0.0002477076355991711,0.002993232516522948
TO_2photon,2.0,0.00026560877829466864,0.0029937648836303454
TO_2photon,2.0,0.0002848035868435802,0.002995520495391202
TO_2photon,2.0,0.0003053855508833416,0.002996103614342549
TO_2photon,2.0,0.00032745491628777284,0.0029967734545410796
TO_2photon,2.0,0.0003511191734215131,0.002997468167489803
TO_2photon,2.0,0.00037649358067924675,0.002998173088667122
TO_2photon,2.0,0.0004037017258596554,0.002999039640214418
TO_2photon,2.0,0.0004328761281083057,0.002999987598577225
TO_2photon,2.0,0.0004641588833612782,0.0030010104149340577
TO_2photon,2.0,0.0004977023564332114,0.0030021460785609744
TO_2photon,2.0,0.0005336699231206312,0.003003507870514621
TO_2photon,2.0,0.0005722367659350221,0.0030049020236802004
TO_2photon,2.0,0.0006135907273413176,0.0030064833442901007
TO_2photon,2.0,0.0006579332246575682,0.0030081575658322812
TO_2photon,2.0,0.0007054802310718645,0.0030100662893268737
TO_2photon,2.0,0.000756463327554629,0.003012098478594072
TO_2photon,2.0,0.0008111308307896872,0.0030154525693583123
TO_2photon,2.0,0.0008697490026177834,0.0030158898073514573
TO_2photon,2.0,0.0009326033468832199,0.0030187679182983596
TO_2photon,2.0,0.001,0.0030218800028174453
TO_2photon,2.0,0.0010722672220103231,0.003025599243989263
TO_2photon,2.0,0.0011497569953977356,0.0030295940070989014
TO_2photon,2.0,0.0012328467394420659,0.00303402770456751
TO_2photon,2.0,0.0013219411484660286,0.0030391409776112654
TO_2photon,2.0,0.0014174741629268048,0.0030449681857069866
TO_2photon,2.0,0.0015199110829529332,0.0030512778641063054
TO_2photon,2.0,0.0016297508346206436,0.0030583782559886474
TO_2photon,2.0,0.001747528400007683,0.003066423223597403
TO_2photon,2.0,0.001873817422860383,0.003075706139708756
TO_2photon,2.0,0.002009233002565046,0.0030878435346589628
TO_2photon,2.0,0.0021544346900318843,0.003099568169044886
TO_2photon,2.0,0.0023101297000831605,0.0031105928906929314
TO_2photon,2.0,0.0024770763559917113,0.0031270818819814084
TO_2photon,2.0,0.0026560877829466868,0.0031440834666984774
TO_2photon,2.0,0.002848035868435802,0.003162591127492398
TO_2photon,2.0,0.0030538555088334154,0.003183780102426259
TO_2photon,2.0,0.0032745491628777285,0.003208457627528194
TO_2photon,2.0,0.003511191734215131,0.003235915107167475
TO_2photon,2.0,0.0037649358067924675,0.0032675581844988644
TO_2photon,2.0,0.004037017258596558,0.0033022741903306896
TO_2photon,2.0,0.004328761281083062,0.0033441369350855066
TO_2photon,2.0,0.004641588833612782,0.0033904192764214747
TO_2photon,2.0,0.004977023564332114,0.003441717998032723
TO_2photon,2.0,0.005336699231206312,0.003501870072654567
TO_2photon,2.0,0.00572236765935022,0.0035702030003356144
TO_2photon,2.0,0.006135907273413176,0.0036482319248659634
TO_2photon,2.0,0.006579332246575682,0.0037371157207878314
TO_2photon,2.0,0.007054802310718645,0.003840208213780838
TO_2photon,2.0,0.007564633275546291,0.003954693964672851
TO_2photon,2.0,0.008111308307896872,0.004087240734401698
TO_2photon,2.0,0.008697490026177835,0.004239907855717817
TO_2photon,2.0,0.0093260334688322,0.004411343143725599
TO_2photon,2.0,0.01,0.004609211685096426
TO_2photon,2.0,0.010722672220103232,0.004835174289014366
TO_2photon,2.0,0.011497569953977356,0.005093531028227627
TO_2photon,2.0,0.012328467394420659,0.00538941604439791
TO_2photon,2.0,0.013219411484660288,0.005727799186815097
TO_2photon,2.0,0.014174741629268049,0.006115025696900256
TO_2photon,2.0,0.01519911082952933,0.006558181339484159
TO_2photon,2.0,0.01629750834620645,0.007065223271746968
TO_2photon,2.0,0.01747528400007685,0.007645952677018841
TO_2photon,2.0,0.018738174228603847,0.008311232030840388
TO_2photon,2.0,0.02009233002565048,0.009072310367597924
TO_2photon,2.0,0.021544346900318846,0.009942421001340795
TO_2photon,2.0,0.023101297000831605,0.010939477637822104
TO_2photon,2.0,0.024770763559917114,0.012080888589460326
TO_2photon,2.0,0.026560877829466867,0.013387098770905714
TO_2photon,2.0,0.02848035868435802,0.014882562877391092
TO_2photon,2.0,0.030538555088334154,0.01659356778184229
TO_2photon,2.0,0.03274549162877728,0.01855084244616756
TO_2photon,2.0,0.03511191734215131,0.02079162840594695
TO_2photon,2.0,0.037649358067924674,0.023350151265698726
TO_2photon,2.0,0.040370172585965536,0.02627687837627002
TO_2photon,2.0,0.04328761281083057,0.029620843582442435
TO_2photon,2.0,0.04641588833612782,0.03344156542823751
TO_2photon,2.0,0.04977023564332114,0.03779973879270304
TO_2photon,2.0,0.05336699231206313,0.042775172525051586
TO_2photon,2.0,0.0572236765935022,0.04844188804814453
TO_2photon,2.0,0.061359072734131756,0.05489867846229235
TO_2photon,2.0,0.06579332246575682,0.06224411333369895
TO_2photon,2.0,0.07054802310718646,0.07059079017442071
TO_2photon,2.0,0.07564633275546291,0.08006276330876605
TO_2photon,2.0,0.08111308307896872,0.09079657138185993
TO_2photon,2.0,0.08697490026177834,0.10293121472206934
TO_2photon,2.0,0.093260334688322,0.11662206120634078
TO_2photon,2.0,0.1,0.1320270616108743
TO_2photon,4.0,0.0001,0.0016768046312561902
TO_2photon,4.0,0.00010722672220103231,0.0016769546585649886
TO_2photon,4.0,0.00011497569953977356,0.0016771079330946126
TO_2photon,4.0,0.0001232846739442066,0.0016773100106917127
TO_2photon,4.0,0.00013219411484660288,0.0016776276951913083
TO_2photon,4.0,0.00014174741629268049,0.0016778425974196542
TO_2photon,4.0,0.0001519911082952933,0.0016781209060514612
TO_2photon,4.0,0.00016297508346206434,0.001678412162818721
TO_2photon,4.0,0.0001747528400007683,0.0016787378588470903
TO_2photon,4.0,0.0001873817422860383,0.0016791028259044438
TO_2photon,4.0,0.00020092330025650479,0.0016795122435797616
TO_2photon,4.0,0.00021544346900318845,0.0016811841103960834
TO_2photon,4.0,0.00023101297000831605,0.0016816907122729763
TO_2photon,4.0,0.0002477076355991711,0.0016822812237504703
TO_2photon,4.0,0.00026560877829466864,0.001682971800894939
TO_2photon,4.0,0.0002848035868435802,0.0016836726275568648
TO_2photon,4.0,0.0003053855508833416,0.001684405745779216
TO_2photon,4.0,0.00032745491628777284,0.0016853778551249032
TO_2photon,4.0,0.0003511191734215131,0.0016864614448207638
TO_2photon,4.0,0.00037649358067924675,0.0016876756316009933
TO_2photon,4.0,0.0004037017258596554,0.0016890138149099343
TO_2photon,4.0,0.0004328761281083057,0.0016905659267961726
TO_2photon,4.0,0.0004641588833612782,0.001692445916938845
TO_2photon,4.0,0.0004977023564332114,0.0016944239667691097
TO_2photon,4.0,0.0005336699231206312,0.0016967439970732023
TO_2photon,4.0,0.0005722367659350221,0.0016993193516863236
TO_2photon,4.0,0.0006135907273413176,0.001702240421599388
TO_2photon,4.0,0.0006579332246575682,0.0017056330331528535
TO_2photon,4.0,0.0007054802310718645,0.001709233975393909
TO_2photon,4.0,0.000756463327554629,0.0017147300743728389
TO_2photon,4.0,0.0008111308307896872,0.00171758445565251
TO_2photon,4.0,0.0008697490026177834,0.0017231746454041685
TO_2photon,4.0,0.0009326033468832199,0.0017295821453253701
TO_2photon,4.0,0.001,0.0017370127884163145
TO_2photon,4.0,0.0010722672220103231,0.0017454851372042945
TO_2photon,4.0,0.0011497569953977356,0.0017550090357106862
TO_2photon,4.0,0.0012328467394420659,0.0017661296961555273
TO_2photon,4.0,0.0013219411484660286,0.0017787515189530145
TO_2photon,4.0,0.0014174741629268048,0.001793338564144542
TO_2photon,4.0,0.0015199110829529332,0.0018097862990561486
TO_2photon,4.0,0.0016297508346206436,0.0018286563862306426
TO_2photon,4.0,0.001747528400007683,0.0018504738790094954
TO_2photon,4.0,0.001873817422860383,0.0018752933723847898
TO_2photon,4.0,0.002009233002565046,0.0019056681427322975
TO_2photon,4.0,0.0021544346900318843,0.0019382256279312227
TO_2photon,4.0,0.0023101297000831605,0.001973546074403476
TO_2photon,4.0,0.0024770763559917113,0.0020181593683487042
TO_2photon,4.0,0.0026560877829466868,0.002067331127091454
TO_2photon,4.0,0.002848035868435802,0.0021231505282878205
TO_2photon,4.0,0.0030538555088334154,0.002188469178915353
TO_2photon,4.0,0.0032745491628777285,0.0022615655082972586
TO_2photon,4.0,0.003511191734215131,0.002346394014149933
TO_2photon,4.0,0.0037649358067924675,0.002443624145135992
TO_2photon,4.0,0.004037017258596558,0.0025541214886724006
TO_2photon,4.0,0.004328761281083062,0.0026834840223171064
TO_2photon,4.0,0.004641588833612782,0.0028304793054794164
TO_2photon,4.0,0.004977023564332114,0.002997837230238054
TO_2photon,4.0,0.005336699231206312,0.0031912246520793275
TO_2photon,4.0,0.00572236765935022,0.003413264098389046
TO_2photon,4.0,0.006135907273413176,0.0036704313707206504
TO_2photon,4.0,0.006579332246575682,0.003960292197721649
TO_2photon,4.0,0.007054802310718645,0.004297516074922125
TO_2photon,4.0,0.007564633275546291,0.004682318597266422
TO_2photon,4.0,0.008111308307896872,0.005122352008598785
TO_2photon,4.0,0.008697490026177835,0.005629106209431356
TO_2photon,4.0,0.0093260334688322,0.006212052075994179
TO_2photon,4.0,0.01,0.006877813269118849
TO_2photon,4.0,0.010722672220103232,0.007642946856124544
TO_2photon,4.0,0.011497569953977356,0.00852073126436148
TO_2photon,4.0,0.012328467394420659,0.009527126306007494
TO_2photon,4.0,0.013219411484660288,0.01068119015596114
TO_2photon,4.0,0.014174741629268049,0.012004390926448005
TO_2photon,4.0,0.01519911082952933,0.01352054377060219
TO_2photon,4.0,0.01629750834620645,0.015258014525693864
TO_2photon,4.0,0.01747528400007685,0.01724767270154759
TO_2photon,4.0,0.018738174228603847,0.019526290150893466
TO_2photon,4.0,0.02009233002565048,0.02213338725294356
TO_2photon,4.0,0.021544346900318846,0.02511603744116986
TO_2photon,4.0,0.023101297000831605,0.028525912782446983
TO_2photon,4.0,0.024770763559917114,0.032421585060583236
TO_2photon,4.0,0.026560877829466867,0.036868705743330676
TO_2photon,4.0,0.02848035868435802,0.041941731140374916
TO_2photon,4.0,0.030538555088334154,0.0477218159184678
TO_2photon,4.0,0.03274549162877728,0.05429992401638606
TO_2photon,4.0,0.03511191734215131,0.061776899620586745
TO_2photon,4.0,0.037649358067924674,0.07026162356521393
TO_2photon,4.0,0.040370172585965536,0.07987298393035003
TO_2photon,4.0,0.04328761281083057,0.09073732381789035
TO_2photon,4.0,0.04641588833612782,0.1029903066725193
TO_2photon,4.0,0.04977023564332114,0.11676465970296934
TO_2photon,4.0,0.05336699231206313,0.13220619101659836
TO_2photon,4.0,0.0572236765935022,0.1494459973869272
TO_2photon,4.0,0.061359072734131756,0.16861043934342246
TO_2photon,4.0,0.06579332246575682,0.1898082657297211
TO_2photon,4.0,0.07054802310718646,0.21311535620424327
TO_2photon,4.0,0.07564633275546291,0.23856843522435567
TO_2photon,4.0,0.08111308307896872,0.2661470458298988
TO_2photon,4.0,0.08697490026177834,0.2957622706593781
TO_2photon,4.0,0.093260334688322,0.3272366669740844
TO_2photon,4.0,0.1,0.3602922603530232
TO_2photon,8.0,0.0001,0.0010194640466947291
TO_2photon,8.0,0.00010722672220103231,0.0010197977961640126
TO_2photon,8.0,0.00011497569953977356,0.0010200647641577243
TO_2photon,8.0,0.0001232846739442066,0.0010203722820412153
TO_2photon,8.0,0.00013219411484660288,0.0010207321985863382
TO_2photon,8.0,0.00014174741629268049,0.001021165656537315
TO_2photon,8.0,0.0001519911082952933,0.001021648733729008
TO_2photon,8.0,0.00016297508346206434,0.0010222077792708673
TO_2photon,8.0,0.0001747528400007683,0.0010228957235579594
TO_2photon,8.0,0.0001873817422860383,0.0010236500733017406
TO_2photon,8.0,0.00020092330025650479,0.0010257702894522769
TO_2photon,8.0,0.00021544346900318845,0.001026842069440037
TO_2photon,8.0,0.00023101297000831605,0.0010280401577810183
TO_2photon,8.0,0.0002477076355991711,0.0010294933618626434
TO_2photon,8.0,0.00026560877829466864,0.0010310888171981558
TO_2photon,8.0,0.0002848035868435802,0.0010329851110790766
TO_2photon,8.0,0.0003053855508833416,0.0010350749878796917
TO_2photon,8.0,0.00032745491628777284,0.0010376285065898383
TO_2photon,8.0,0.0003511191734215131,0.001040581468614632
TO_2photon,8.0,0.00037649358067924675,0.0010439702114866112
TO_2photon,8.0,0.0004037017258596554,0.0010478760067514914
TO_2photon,8.0,0.0004328761281083057,0.001052400943508336
TO_2photon,8.0,0.0004641588833612782,0.001057715135565962
TO_2photon,8.0,0.0004977023564332114,0.0010637598380845992
TO_2photon,8.0,0.0005336699231206312,0.001070727002635219
TO_2photon,8.0,0.0005722367659350221,0.0010787386805045651
TO_2photon,8.0,0.0006135907273413176,0.0010880180194734468
TO_2photon,8.0,0.0006579332246575682,0.0010987138955592668
TO_2photon,8.0,0.0007054802310718645,0.0011109574779420983
TO_2photon,8.0,0.000756463327554629,0.00112614900043162
TO_2photon,8.0,0.0008111308307896872,0.0011403149910440558
TO_2photon,8.0,0.0008697490026177834,0.0011591699549662327
TO_2photon,8.0,0.0009326033468832199,0.0011807629251144869
TO_2photon,8.0,0.001,0.0012058177814533444
TO_2photon,8.0,0.0010722672220103231,0.0012346322436374013
TO_2photon,8.0,0.0011497569953977356,0.0012678388087191683
TO_2photon,8.0,0.0012328467394420659,0.0013059110116402373
TO_2photon,8.0,0.0013219411484660286,0.0013500510199273563
TO_2photon,8.0,0.0014174741629268048,0.0014006053225699144
TO_2photon,8.0,0.0015199110829529332,0.0014589276946443963
TO_2photon,8.0,0.0016297508346206436,0.0015258886229876367
TO_2photon,8.0,0.001747528400007683,0.001602941431558813
TO_2photon,8.0,0.001873817422860383,0.0016918334293894999
TO_2photon,8.0,0.002009233002565046,0.0017939004735377795
TO_2photon,8.0,0.0021544346900318843,0.0019131963272627228
TO_2photon,8.0,0.0023101297000831605,0.0020484454150569986
TO_2photon,8.0,0.0024770763559917113,0.0022016358149455906
TO_2photon,8.0,0.0026560877829466868,0.002382726446427008
TO_2photon,8.0,0.002848035868435802,0.0025874583799297968
TO_2photon,8.0,0.0030538555088334154,0.0028236793711428065
TO_2photon,8.0,0.0032745491628777285,0.003094597945654809
TO_2photon,8.0,0.003511191734215131,0.0034077487651005267
TO_2photon,8.0,0.0037649358067924675,0.0037648280144495505
TO_2photon,8.0,0.004037017258596558,0.00417703313848139
TO_2photon,8.0,0.004328761281083062,0.004650174082622804
TO_2photon,8.0,0.004641588833612782,0.005193899225320653
TO_2photon,8.0,0.004977023564332114,0.005817361550817357
TO_2photon,8.0,0.005336699231206312,0.0065356760823601645
TO_2photon,8.0,0.00572236765935022,0.0073591273769172405
TO_2photon,8.0,0.006135907273413176,0.008304333265439445
TO_2photon,8.0,0.006579332246575682,0.009387609379209905
TO_2photon,8.0,0.007054802310718645,0.01063172189536754
TO_2photon,8.0,0.007564633275546291,0.012059036379882149
TO_2photon,8.0,0.008111308307896872,0.013695333179211233
TO_2photon,8.0,0.008697490026177835,0.015570546989839285
TO_2photon,8.0,0.0093260334688322,0.017721678147482378
TO_2photon,8.0,0.01,0.020178797331298015
TO_2photon,8.0,0.010722672220103232,0.022993929333873564
TO_2photon,8.0,0.011497569953977356,0.026212819317335878
TO_2photon,8.0,0.012328467394420659,0.02989202979768968
TO_2photon,8.0,0.013219411484660288,0.034093088667974225
TO_2photon,8.0,0.014174741629268049,0.03888551255259487
TO_2photon,8.0,0.01519911082952933,0.04434726388990451
TO_2photon,8.0,0.01629750834620645,0.05056537291211549
TO_2photon,8.0,0.01747528400007685,0.05762641946597746
TO_2photon,8.0,0.018738174228603847,0.06564061674634858
TO_2photon,8.0,0.02009233002565048,0.0747191366484321
TO_2photon,8.0,0.021544346900318846,0.08497400509815711
TO_2photon,8.0,0.023101297000831605,0.09653418037439454
TO_2photon,8.0,0.024770763559917114,0.10952686776547871
TO_2photon,8.0,0.026560877829466867,0.12407922888464928
TO_2photon,8.0,0.02848035868435802,0.14031702692614068
TO_2photon,8.0,0.030538555088334154,0.15835871475797936
TO_2photon,8.0,0.03274549162877728,0.1782961051551153
TO_2photon,8.0,0.03511191734215131,0.20021228758098775
TO_2photon,8.0,0.037649358067924674,0.22412434258164327
TO_2photon,8.0,0.040370172585965536,0.2500320381968214
TO_2photon,8.0,0.04328761281083057,0.27784808633421165
TO_2photon,8.0,0.04641588833612782,0.3074247821587155
TO_2photon,8.0,0.04977023564332114,0.33851062848220026
TO_2photon,8.0,0.05336699231206313,0.37077695945496403
TO_2photon,8.0,0.0572236765935022,0.40378915398377424
TO_2photon,8.0,0.061359072734131756,0.4370302382345407
TO_2photon,8.0,0.06579332246575682,0.4699054583518092
TO_2photon,8.0,0.07054802310718646,0.5017837342735165
TO_2photon,8.0,0.07564633275546291,0.5320213386971717
TO_2photon,8.0,0.08111308307896872,0.5600193014747852
TO_2photon,8.0,0.08697490026177834,0.585258813451969
TO_2photon,8.0,0.093260334688322,0.6073560676519989
TO_2photon,8.0,0.1,0.6260895915621725
TO_2photon,12.0,0.0001,0.0008008357838663605
TO_2photon,12.0,0.00010722672220103231,0.0008013706878642335
TO_2photon,12.0,0.00011497569953977356,0.0008019041523946724
TO_2photon,12.0,0.0001232846739442066,0.0008025082065307165
TO_2photon,12.0,0.00013219411484660288,0.0008032492901682842
TO_2photon,12.0,0.00014174741629268049,0.0008040901790702382
TO_2photon,12.0,0.0001519911082952933,0.0008051145285848937
TO_2photon,12.0,0.00016297508346206434,0.0008062805991337907
TO_2photon,12.0,0.0001747528400007683,0.0008076682925132195
TO_2photon,12.0,0.0001873817422860383,0.000809314546881712
TO_2photon,12.0,0.00020092330025650479,0.0008124200834895845
TO_2photon,12.0,0.00021544346900318845,0.0008146436636924381
TO_2photon,12.0,0.00023101297000831605,0.0008172144712985663
TO_2photon,12.0,0.0002477076355991711,0.0008202462306146074
TO_2photon,12.0,0.00026560877829466864,0.0008236803576655571
TO_2photon,12.0,0.0002848035868435802,0.0008277387973374406
TO_2photon,12.0,0.0003053855508833416,0.0008323885022839539
TO_2photon,12.0,0.00032745491628777284,0.0008378158761906951
TO_2photon,12.0,0.0003511191734215131,0.0008441680626896098
TO_2photon,12.0,0.00037649358067924675,0.0008515091009485554
TO_2photon,12.0,0.0004037017258596554,0.0008599729331073558
TO_2photon,12.0,0.0004328761281083057,0.0008697951235561163
TO_2photon,12.0,0.0004641588833612782,0.0008811432060078506
TO_2photon,12.0,0.0004977023564332114,0.0008944100536319999
TO_2photon,12.0,0.0005336699231206312,0.0009095877795863849
TO_2photon,12.0,0.0005722367659350221,0.0009271128115191374
TO_2photon,12.0,0.0006135907273413176,0.0009473436845702787
TO_2photon,12.0,0.0006579332246575682,0.0009707017498783443
TO_2photon,12.0,0.0007054802310718645,0.0009976535855412694
TO_2photon,12.0,0.000756463327554629,0.0010285844859939663
TO_2photon,12.0,0.0008111308307896872,0.0010655773099004229
TO_2photon,12.0,0.0008697490026177834,0.001104763508723683
TO_2photon,12.0,0.0009326033468832199,0.001152472476564359
TO_2photon,12.0,0.001,0.00120733334590728
TO_2photon,12.0,0.0010722672220103231,0.001270673583278703
TO_2photon,12.0,0.0011497569953977356,0.0013436524232447455
TO_2photon,12.0,0.0012328467394420659,0.0014277449357695815
TO_2photon,12.0,0.0013219411484660286,0.0015244612938439817
TO_2photon,12.0,0.0014174741629268048,0.0016359949814086505
TO_2photon,12.0,0.0015199110829529332,0.0017643167514496128
TO_2photon,12.0,0.0016297508346206436,0.0019120013521604085
TO_2photon,12.0,0.001747528400007683,0.002082094819686131
TO_2photon,12.0,0.001873817422860383,0.0022775989157830523
TO_2photon,12.0,0.002009233002565046,0.0025024982715897703
TO_2photon,12.0,0.0021544346900318843,0.002761372277456764
TO_2photon,12.0,0.0023101297000831605,0.0030591500382365355
TO_2photon,12.0,0.0024770763559917113,0.0034014395540277187
TO_2photon,12.0,0.0026560877829466868,0.0037969375948221362
TO_2photon,12.0,0.002848035868435802,0.004249482100816326
TO_2photon,12.0,0.0030538555088334154,0.004769043740110224
TO_2photon,12.0,0.0032745491628777285,0.005364474447249079
TO_2photon,12.0,0.003511191734215131,0.006050797792435447
TO_2photon,12.0,0.0037649358067924675,0.006840677227088143
TO_2photon,12.0,0.004037017258596558,0.007747026292019843
TO_2photon,12.0,0.004328761281083062,0.008785293914658876
TO_2photon,12.0,0.004641588833612782,0.009977865416665566
TO_2photon,12.0,0.004977023564332114,0.011345865891150941
TO_2photon,12.0,0.005336699231206312,0.012914337849362356
TO_2photon,12.0,0.00572236765935022,0.014712584661086603
TO_2photon,12.0,0.006135907273413176,0.01677456804173394
TO_2photon,12.0,0.006579332246575682,0.019135049265369575
TO_2photon,12.0,0.007054802310718645,0.021837414266410837
TO_2photon,12.0,0.007564633275546291,0.024925223538190044
TO_2photon,12.0,0.008111308307896872,0.02845787701834912
TO_2photon,12.0,0.008697490026177835,0.03249274322882467
TO_2photon,12.0,0.0093260334688322,0.03709591442729143
TO_2photon,12.0,0.01,0.04234256698874295
TO_2photon,12.0,0.010722672220103232,0.04831650377706154
TO_2photon,12.0,0.011497569953977356,0.05510396361292147
TO_2photon,12.0,0.012328467394420659,0.0628096987471145
TO_2photon,12.0,0.013219411484660288,0.07153463352016287
TO_2photon,12.0,0.014174741629268049,0.08139345257898734
TO_2photon,12.0,0.01519911082952933,0.09251894399616722
TO_2photon,12.0,0.01629750834620645,0.10501863760682972
TO_2photon,12.0,0.01747528400007685,0.11902764332328875
TO_2photon,12.0,0.018738174228603847,0.13466425376246982
TO_2photon,12.0,0.02009233002565048,0.1520481149361349
TO_2photon,12.0,0.021544346900318846,0.17126963023546715
TO_2photon,12.0,0.023101297000831605,0.19240789066608244
TO_2photon,12.0,0.024770763559917114,0.21550270433053176
TO_2photon,12.0,0.026560877829466867,0.24054956227020896
TO_2photon,12.0,0.02848035868435802,0.2674797991338693
TO_2photon,12.0,0.030538555088334154,0.29615902360325586
TO_2photon,12.0,0.03274549162877728,0.3263680359852319
TO_2photon,12.0,0.03511191734215131,0.357801000166474
TO_2photon,12.0,0.037649358067924674,0.39006076144098945
TO_2photon,12.0,0.040370172585965536,0.4226604678082859
TO_2photon,12.0,0.04328761281083057,0.45503901776283395
TO_2photon,12.0,0.04641588833612782,0.48659467382302635
TO_2photon,12.0,0.04977023564332114,0.5167024754080852
TO_2photon,12.0,0.05336699231206313,0.5447721621340313
TO_2photon,12.0,0.0572236765935022,0.5702873559385508
TO_2photon,12.0,0.061359072734131756,0.5928448462361837
TO_2photon,12.0,0.06579332246575682,0.6122019460508393
TO_2photon,12.0,0.07054802310718646,0.6283057664568363
TO_2photon,12.0,0.07564633275546291,0.6413339051973708
TO_2photon,12.0,0.08111308307896872,0.6516984747351462
TO_2photon,12.0,0.08697490026177834,0.6601122100895627
TO_2photon,12.0,0.093260334688322,0.6676224947862726
TO_2photon,12.0,0.1,0.6757195209205605
TO_2photon,16.0,0.0001,0.0006926134329804379
TO_2photon,16.0,0.00010722672220103231,0.000693529179276231
TO_2photon,16.0,0.00011497569953977356,0.0006944867520830567
TO_2photon,16.0,0.0001232846739442066,0.0006955856593053866
TO_2photon,16.0,0.00013219411484660288,0.0006969159196428265
TO_2photon,16.0,0.00014174741629268049,0.0006984617541818672
TO_2photon,16.0,0.0001519911082952933,0.0007002768607362597
TO_2photon,16.0,0.00016297508346206434,0.0007024032378527556
TO_2photon,16.0,0.0001747528400007683,0.0007048919178089808
TO_2photon,16.0,0.0001873817422860383,0.0007077884911764754
TO_2photon,16.0,0.00020092330025650479,0.0007123831433427652
TO_2photon,16.0,0.00021544346900318845,0.0007163637702666259
TO_2photon,16.0,0.00023101297000831605,0.0007209630538868028
TO_2photon,16.0,0.0002477076355991711,0.0007263143526079485
TO_2photon,16.0,0.00026560877829466864,0.0007325639968196462
TO_2photon,16.0,0.0002848035868435802,0.0007397479767224935
TO_2photon,16.0,0.0003053855508833416,0.0007481299661202812
TO_2photon,16.0,0.00032745491628777284,0.0007577415220348938
TO_2photon,16.0,0.0003511191734215131,0.0007690260305263097
TO_2photon,16.0,0.00037649358067924675,0.0007820277050627489
TO_2photon,16.0,0.0004037017258596554,0.0007970889156235783
TO_2photon,16.0,0.0004328761281083057,0.0008145165884270167
TO_2photon,16.0,0.0004641588833612782,0.0008346797691598518
TO_2photon,16.0,0.0004977023564332114,0.0008580816255584489
TO_2photon,16.0,0.0005336699231206312,0.000885022806497604
TO_2photon,16.0,0.0005722367659350221,0.0009160982281730679
TO_2photon,16.0,0.0006135907273413176,0.0009519570085999574
TO_2photon,16.0,0.0006579332246575682,0.00099337190249571
TO_2photon,16.0,0.0007054802310718645,0.0010411097153215643
TO_2photon,16.0,0.000756463327554629,0.0010961831021932822
TO_2photon,16.0,0.0008111308307896872,0.0011595874271140838
TO_2photon,16.0,0.0008697490026177834,0.0012335653275833414
TO_2photon,16.0,0.0009326033468832199,0.0013179984407671874
TO_2photon,16.0,0.001,0.0014131293777696063
TO_2photon,16.0,0.0010722672220103231,0.001525093527178778
TO_2photon,16.0,0.0011497569953977356,0.001653976191076656
TO_2photon,16.0,0.0012328467394420659,0.001802487474969472
TO_2photon,16.0,0.0013219411484660286,0.001973455595861262
TO_2photon,16.0,0.0014174741629268048,0.0021702735040638466
TO_2photon,16.0,0.0015199110829529332,0.002396811043767655
TO_2photon,16.0,0.0016297508346206436,0.0026573565974452595
TO_2photon,16.0,0.001747528400007683,0.0029571758470687826
TO_2photon,16.0,0.001873817422860383,0.0033019874323694243
TO_2photon,16.0,0.002009233002565046,0.0036984843116143473
TO_2photon,16.0,0.0021544346900318843,0.004154389934989289
TO_2photon,16.0,0.0023101297000831605,0.004678481777189325
TO_2photon,16.0,0.0024770763559917113,0.005280858391296328
TO_2photon,16.0,0.0026560877829466868,0.00597300739496498
TO_2photon,16.0,0.002848035868435802,0.006768008568716732
TO_2photon,16.0,0.0030538555088334154,0.007680973431353766
TO_2photon,16.0,0.0032745491628777285,0.00872914030062677
TO_2photon,16.0,0.003511191734215131,0.00993204509820278
TO_2photon,16.0,0.0037649358067924675,0.01131224202779979
TO_2photon,16.0,0.004037017258596558,0.012895240952443321
TO_2photon,16.0,0.004328761281083062,0.014710047766986367
TO_2photon,16.0,0.004641588833612782,0.01678959162691096
TO_2photon,16.0,0.004977023564332114,0.01917123458269232
TO_2photon,16.0,0.005336699231206312,0.02189897543240893
TO_2photon,16.0,0.00572236765935022,0.025017234628761043
TO_2photon,16.0,0.006135907273413176,0.028579715173353115
TO_2photon,16.0,0.006579332246575682,0.03265084938605323
TO_2photon,16.0,0.007054802310718645,0.037293883906438285
TO_2photon,16.0,0.007564633275546291,0.04258420689380937
TO_2photon,16.0,0.008111308307896872,0.048604375216542484
TO_2photon,16.0,0.008697490026177835,0.05544700735528141
TO_2photon,16.0,0.0093260334688322,0.06321245165368006
TO_2photon,16.0,0.01,0.07200178307615945
TO_2photon,16.0,0.010722672220103232,0.08193173325458969
TO_2photon,16.0,0.011497569953977356,0.09312462997423498
TO_2photon,16.0,0.012328467394420659,0.10569914172602102
TO_2photon,16.0,0.013219411484660288,0.11978136860306254
TO_2photon,16.0,0.014174741629268049,0.1354913807363628
TO_2photon,16.0,0.01519911082952933,0.1529361743774591
TO_2photon,16.0,0.01629750834620645,0.17221548219462446
TO_2photon,16.0,0.01747528400007685,0.19339905040975314
TO_2photon,16.0,0.018738174228603847,0.21651730227759802
TO_2photon,16.0,0.02009233002565048,0.24155300025117465
TO_2photon,16.0,0.021544346900318846,0.2684371537851694
TO_2photon,16.0,0.023101297000831605,0.2970287987821546
TO_2photon,16.0,0.024770763559917114,0.3271004222498217
TO_2photon,16.0,0.026560877829466867,0.3583422695070595
TO_2photon,16.0,0.02848035868435802,0.39034494043285173
TO_2photon,16.0,0.030538555088334154,0.4226262986225605
TO_2photon,16.0,0.03274549162877728,0.45462960063350977
TO_2photon,16.0,0.03511191734215131,0.485756989421984
TO_2photon,16.0,0.037649358067924674,0.5154010911006137
TO_2photon,16.0,0.040370172585965536,0.5429881638094654
TO_2photon,16.0,0.04328761281083057,0.5680188398991458
TO_2photon,16.0,0.04641588833612782,0.5901198822803077
TO_2photon,16.0,0.04977023564332114,0.6090760391645769
TO_2photon,16.0,0.05336699231206313,0.6248786078030939
TO_2photon,16.0,0.0572236765935022,0.6377354729817675
TO_2photon,16.0,0.061359072734131756,0.6481230202988192
TO_2photon,16.0,0.06579332246575682,0.6568182051381446
TO_2photon,16.0,0.07054802310718646,0.6649731238897889
TO_2photon,16.0,0.07564633275546291,0.6742188674505722
TO_2photon,16.0,0.08111308307896872,0.686798465684649
TO_2photon,16.0,0.08697490026177834,0.7055678474667664
TO_2photon,16.0,0.093260334688322,0.733281256881876
TO_2photon,16.0,0.1,0.769644276204082
TO_1photon,2.0,0.0001,0.002990397411565149
TO_1photon,2.0,0.00010722672220103231,0.002990628166371856
TO_1photon,2.0,0.00011497569953977356,0.0029908758084719045
TO_1photon,2.0,0.0001232846739442066,0.0029911220706442254
TO_1photon,2.0,0.00013219411484660288,0.0029914267936939076
TO_1photon,2.0,0.00014174741629268049,0.002991732121211066
TO_1photon,2.0,0.0001519911082952933,0.0029920605675085588
TO_1photon,2.0,0.00016297508346206434,0.0029924125139039193
TO_1photon,2.0,0.0001747528400007683,0.0029927776362592695
TO_1photon,2.0,0.0001873817422860383,0.002993187049593171
TO_1photon,2.0,0.00020092330025650479,0.0029937396090484736
TO_1photon,2.0,0.00021544346900318845,0.002994178411613646
TO_1photon,2.0,0.00023101297000831605,0.00299470320663342
TO_1photon,2.0,0.0002477076355991711,0.0029952342984927993
TO_1photon,2.0,0.00026560877829466864,0.002995811228975409
TO_1photon,2.0,0.0002848035868435802,0.0029976473156348993
TO_1photon,2.0,0.0003053855508833416,0.002998323303795458
TO_1photon,2.0,0.00032745491628777284,0.0029990441954668157
TO_1photon,2.0,0.0003511191734215131,0.002999770131225321
TO_1photon,2.0,0.00037649358067924675,0.0030004923425777097
TO_1photon,2.0,0.0004037017258596554,0.0030014305224923543
TO_1photon,2.0,0.0004328761281083057,0.0030023826537587395
TO_1photon,2.0,0.0004641588833612782,0.0030033604343689957
TO_1photon,2.0,0.0004977023564332114,0.0030044437243647026
TO_1photon,2.0,0.0005336699231206312,0.0030057336512977484
TO_1photon,2.0,0.0005722367659350221,0.0030069900690593565
TO_1photon,2.0,0.0006135907273413176,0.003008348830507601
TO_1photon,2.0,0.0006579332246575682,0.0030097890270057714
TO_1photon,2.0,0.0007054802310718645,0.0030113662591952917
TO_1photon,2.0,0.000756463327554629,0.0030128472946293616
TO_1photon,2.0,0.0008111308307896872,0.003015523395741293
TO_1photon,2.0,0.0008697490026177834,0.003015581955874147
TO_1photon,2.0,0.0009326033468832199,0.0030175623457605605
TO_1photon,2.0,0.001,0.003019843205239514
TO_1photon,2.0,0.0010722672220103231,0.00302232090393062
TO_1photon,2.0,0.0011497569953977356,0.0030248196653189785
TO_1photon,2.0,0.0012328467394420659,0.0030275654790038464
TO_1photon,2.0,0.0013219411484660286,0.003030734124996548
TO_1photon,2.0,0.0014174741629268048,0.0030340262218593317
TO_1photon,2.0,0.0015199110829529332,0.003037466461334737
TO_1photon,2.0,0.0016297508346206436,0.0030412045587264736
TO_1photon,2.0,0.001747528400007683,0.003045402900050287
TO_1photon,2.0,0.001873817422860383,0.0030498094505486684
TO_1photon,2.0,0.002009233002565046,0.003056554251258503
TO_1photon,2.0,0.0021544346900318843,0.0030596828229667583
TO_1photon,2.0,0.0023101297000831605,0.003065139032502384
TO_1photon,2.0,0.0024770763559917113,0.003072966819488876
TO_1photon,2.0,0.0026560877829466868,0.003078827457920652
TO_1photon,2.0,0.002848035868435802,0.003086079859753954
TO_1photon,2.0,0.0030538555088334154,0.0030936819875759802
TO_1photon,2.0,0.0032745491628777285,0.003101763295010773
TO_1photon,2.0,0.003511191734215131,0.0031104323599211448
TO_1photon,2.0,0.0037649358067924675,0.003119075322570941
TO_1photon,2.0,0.004037017258596558,0.00312967148217147
TO_1photon,2.0,0.004328761281083062,0.0031421541432518074
TO_1photon,2.0,0.004641588833612782,0.0031544521649590207
TO_1photon,2.0,0.004977023564332114,0.0031665682734800527
TO_1photon,2.0,0.005336699231206312,0.003181124359138865
TO_1photon,2.0,0.00572236765935022,0.0031992146725552395
TO_1photon,2.0,0.006135907273413176,0.0032140346471735137
TO_1photon,2.0,0.006579332246575682,0.0032347556746978867
TO_1photon,2.0,0.007054802310718645,0.0032551867490627773
TO_1photon,2.0,0.007564633275546291,0.0032759310880300374
TO_1photon,2.0,0.008111308307896872,0.003300315213963456
TO_1photon,2.0,0.008697490026177835,0.0033271848466606135
TO_1photon,2.0,0.0093260334688322,0.003356646543534736
TO_1photon,2.0,0.01,0.0033890475468077996
TO_1photon,2.0,0.010722672220103232,0.003424350555114475
TO_1photon,2.0,0.011497569953977356,0.003463372192848757
TO_1photon,2.0,0.012328467394420659,0.0035062067247718653
TO_1photon,2.0,0.013219411484660288,0.003553574037907903
TO_1photon,2.0,0.014174741629268049,0.00360557218168589
TO_1photon,2.0,0.01519911082952933,0.0036631680534143785
TO_1photon,2.0,0.01629750834620645,0.003727993165796084
TO_1photon,2.0,0.01747528400007685,0.003798424266101552
TO_1photon,2.0,0.018738174228603847,0.003875896480168395
TO_1photon,2.0,0.02009233002565048,0.003961920076218317
TO_1photon,2.0,0.021544346900318846,0.004058046547286476
TO_1photon,2.0,0.023101297000831605,0.0041651903686961145
TO_1photon,2.0,0.024770763559917114,0.004284084381266817
TO_1photon,2.0,0.026560877829466867,0.004417151251209783
TO_1photon,2.0,0.02848035868435802,0.004565262928959646
TO_1photon,2.0,0.030538555088334154,0.004730943681440669
TO_1photon,2.0,0.03274549162877728,0.004916929055839514
TO_1photon,2.0,0.03511191734215131,0.005123017562537413
TO_1photon,2.0,0.037649358067924674,0.005356984379725094
TO_1photon,2.0,0.040370172585965536,0.005617637022676036
TO_1photon,2.0,0.04328761281083057,0.005911608669533885
TO_1photon,2.0,0.04641588833612782,0.006240403811626494
TO_1photon,2.0,0.04977023564332114,0.006608664650204488
TO_1photon,2.0,0.05336699231206313,0.0070269676222035615
TO_1photon,2.0,0.0572236765935022,0.007498854714801717
TO_1photon,2.0,0.061359072734131756,0.00803083746662947
TO_1photon,2.0,0.06579332246575682,0.008635645381098955
TO_1photon,2.0,0.07054802310718646,0.009315934616146548
TO_1photon,2.0,0.07564633275546291,0.010084917019583473
TO_1photon,2.0,0.08111308307896872,0.010955836169361133
TO_1photon,2.0,0.08697490026177834,0.011942229073125588
TO_1photon,2.0,0.093260334688322,0.013062955757575212
TO_1photon,2.0,0.1,0.014332855730377125
TO_1photon,4.0,0.0001,0.0016784411017907175
TO_1photon,4.0,0.00010722672220103231,0.0016786581932829447
TO_1photon,4.0,0.00011497569953977356,0.001678898294573683
TO_1photon,4.0,0.0001232846739442066,0.0016792915341026227
TO_1photon,4.0,0.00013219411484660288,0.0016795515368431824
TO_1photon,4.0,0.00014174741629268049,0.0016798634895593967
TO_1photon,4.0,0.0001519911082952933,0.0016802076964709256
TO_1photon,4.0,0.00016297508346206434,0.001680540996264579
TO_1photon,4.0,0.0001747528400007683,0.001680911682247821
TO_1photon,4.0,0.0001873817422860383,0.0016813215887028221
TO_1photon,4.0,0.00020092330025650479,0.0016817720470349018
TO_1photon,4.0,0.00021544346900318845,0.0016834265466346698
TO_1photon,4.0,0.00023101297000831605,0.001683941319872373
TO_1photon,4.0,0.0002477076355991711,0.0016844995772556937
TO_1photon,4.0,0.00026560877829466864,0.0016850621763072615
TO_1photon,4.0,0.0002848035868435802,0.001685646900550064
TO_1photon,4.0,0.0003053855508833416,0.0016862247942891484
TO_1photon,4.0,0.00032745491628777284,0.001686953621039211
TO_1photon,4.0,0.0003511191734215131,0.0016877295897057554
TO_1photon,4.0,0.00037649358067924675,0.0016885553456694735
TO_1photon,4.0,0.0004037017258596554,0.0016894061026470064
TO_1photon,4.0,0.0004328761281083057,0.0016903282325320124
TO_1photon,4.0,0.0004641588833612782,0.0016914359978352778
TO_1photon,4.0,0.0004977023564332114,0.0016925346972279653
TO_1photon,4.0,0.0005336699231206312,0.0016937218376640306
TO_1photon,4.0,0.0005722367659350221,0.0016949460962165652
TO_1photon,4.0,0.0006135907273413176,0.0016963085731737104
TO_1photon,4.0,0.0006579332246575682,0.00169772365594123
TO_1photon,4.0,0.0007054802310718645,0.0016999334292083779
TO_1photon,4.0,0.000756463327554629,0.001699724379648715
TO_1photon,4.0,0.0008111308307896872,0.0017015814637263427
TO_1photon,4.0,0.0008697490026177834,0.0017034028467998175
TO_1photon,4.0,0.0009326033468832199,0.0017055155345250261
TO_1photon,4.0,0.001,0.001707819191087867
TO_1photon,4.0,0.0010722672220103231,0.0017101240276315988
TO_1photon,4.0,0.0011497569953977356,0.0017126584230504616
TO_1photon,4.0,0.0012328467394420659,0.0017155408977892472
TO_1photon,4.0,0.0013219411484660286,0.0017186494158281107
TO_1photon,4.0,0.0014174741629268048,0.0017218346214346036
TO_1photon,4.0,0.0015199110829529332,0.001725285858904857
TO_1photon,4.0,0.0016297508346206436,0.001729028947677791
TO_1photon,4.0,0.001747528400007683,0.0017332558779801222
TO_1photon,4.0,0.001873817422860383,0.0017393610419118577
TO_1photon,4.0,0.002009233002565046,0.001744446680552958
TO_1photon,4.0,0.0021544346900318843,0.001747420345236228
TO_1photon,4.0,0.0023101297000831605,0.001754668109691604
TO_1photon,4.0,0.0024770763559917113,0.0017607827741831228
TO_1photon,4.0,0.0026560877829466868,0.001766641603022423
TO_1photon,4.0,0.002848035868435802,0.0017747297055074052
TO_1photon,4.0,0.0030538555088334154,0.0017812960560570357
TO_1photon,4.0,0.0032745491628777285,0.0017893976764908892
TO_1photon,4.0,0.003511191734215131,0.0017982533547789004
TO_1photon,4.0,0.0037649358067924675,0.0018067133596054719
TO_1photon,4.0,0.004037017258596558,0.0018172565681126018
TO_1photon,4.0,0.004328761281083062,0.0018296995381306136
TO_1photon,4.0,0.004641588833612782,0.0018406082315466366
TO_1photon,4.0,0.004977023564332114,0.0018540214818024703
TO_1photon,4.0,0.005336699231206312,0.0018685767980419765
TO_1photon,4.0,0.00572236765935022,0.0018862834489993263
TO_1photon,4.0,0.006135907273413176,0.0019014318324075408
TO_1photon,4.0,0.006579332246575682,0.0019221470794994477
TO_1photon,4.0,0.007054802310718645,0.0019425271374871045
TO_1photon,4.0,0.007564633275546291,0.0019656836946880807
TO_1photon,4.0,0.008111308307896872,0.0019876152269595604
TO_1photon,4.0,0.008697490026177835,0.0020144718926331517
TO_1photon,4.0,0.0093260334688322,0.00204397697779668
TO_1photon,4.0,0.01,0.002076270904995292
TO_1photon,4.0,0.010722672220103232,0.002111611816270287
TO_1photon,4.0,0.011497569953977356,0.0021505383321975824
TO_1photon,4.0,0.012328467394420659,0.002193412337063716
TO_1photon,4.0,0.013219411484660288,0.0022407648275029057
TO_1photon,4.0,0.014174741629268049,0.0022927940439763095
TO_1photon,4.0,0.01519911082952933,0.0023504397852366354
TO_1photon,4.0,0.01629750834620645,0.0024151860651928647
TO_1photon,4.0,0.01747528400007685,0.0024858879997924355
TO_1photon,4.0,0.018738174228603847,0.002563358037918073
TO_1photon,4.0,0.02009233002565048,0.002649488487237006
TO_1photon,4.0,0.021544346900318846,0.002745787640184849
TO_1photon,4.0,0.023101297000831605,0.0028530984373094093
TO_1photon,4.0,0.024770763559917114,0.0029721997145546464
TO_1photon,4.0,0.026560877829466867,0.003107791536500537
TO_1photon,4.0,0.02848035868435802,0.003253978055151263
TO_1photon,4.0,0.030538555088334154,0.0034221191016674535
TO_1photon,4.0,0.03274549162877728,0.0036065091186120446
TO_1photon,4.0,0.03511191734215131,0.003813112913037764
TO_1photon,4.0,0.037649358067924674,0.004047804384936904
TO_1photon,4.0,0.040370172585965536,0.004307758143212381
TO_1photon,4.0,0.04328761281083057,0.0046041773190265145
TO_1photon,4.0,0.04641588833612782,0.00493406336492308
TO_1photon,4.0,0.04977023564332114,0.0053031888596052346
TO_1photon,4.0,0.05336699231206313,0.005722825412684429
TO_1photon,4.0,0.0572236765935022,0.00619638027055458
TO_1photon,4.0,0.061359072734131756,0.006730181688168302
TO_1photon,4.0,0.06579332246575682,0.007337197546486651
TO_1photon,4.0,0.07054802310718646,0.008019681681633029
TO_1photon,4.0,0.07564633275546291,0.008791268990631762
TO_1photon,4.0,0.08111308307896872,0.00966510413727062
TO_1photon,4.0,0.08697490026177834,0.010654914221769562
TO_1photon,4.0,0.093260334688322,0.011779079200986753
TO_1photon,4.0,0.1,0.013053332893266045
TO_1photon,8.0,0.0001,0.00102179078325626
TO_1photon,8.0,0.00010722672220103231,0.0010220072467203023
TO_1photon,8.0,0.00011497569953977356,0.0010222433037404555
TO_1photon,8.0,0.0001232846739442066,0.0010225118268707423
TO_1photon,8.0,0.00013219411484660288,0.001022813448451898
TO_1photon,8.0,0.00014174741629268049,0.0010231171050351096
TO_1photon,8.0,0.0001519911082952933,0.0010234078846188543
TO_1photon,8.0,0.00016297508346206434,0.0010237928014776854
TO_1photon,8.0,0.0001747528400007683,0.001024158355176219
TO_1photon,8.0,0.0001873817422860383,0.0010257701520313134
TO_1photon,8.0,0.00020092330025650479,0.0010262205761657484
TO_1photon,8.0,0.00021544346900318845,0.0010266769712327095
TO_1photon,8.0,0.00023101297000831605,0.0010271906587873136
TO_1photon,8.0,0.0002477076355991711,0.0010276962406058354
TO_1photon,8.0,0.00026560877829466864,0.0010282547497441064
TO_1photon,8.0,0.0002848035868435802,0.0010287685608597608
TO_1photon,8.0,0.0003053855508833416,0.0010294491738862543
TO_1photon,8.0,0.00032745491628777284,0.001030182500908472
TO_1photon,8.0,0.0003511191734215131,0.0010309504897570987
TO_1photon,8.0,0.00037649358067924675,0.0010317191182873664
TO_1photon,8.0,0.0004037017258596554,0.0010325919230861347
TO_1photon,8.0,0.0004328761281083057,0.001033651484249054
TO_1photon,8.0,0.0004641588833612782,0.0010346597348026565
TO_1photon,8.0,0.0004977023564332114,0.0010357611713119885
TO_1photon,8.0,0.0005336699231206312,0.0010368972879714056
TO_1photon,8.0,0.0005722367659350221,0.0010381445422122937
TO_1photon,8.0,0.0006135907273413176,0.0010394937593074527
TO_1photon,8.0,0.0006579332246575682,0.0010407451963061476
TO_1photon,8.0,0.0007054802310718645,0.0010432750305370275
TO_1photon,8.0,0.000756463327554629,0.0010429351155850641
TO_1photon,8.0,0.0008111308307896872,0.0010447211596198436
TO_1photon,8.0,0.0008697490026177834,0.0010465523440453817
TO_1photon,8.0,0.0009326033468832199,0.0010486725490028714
TO_1photon,8.0,0.001,0.0010509740095138165
TO_1photon,8.0,0.0010722672220103231,0.001053214413004766
TO_1photon,8.0,0.0011497569953977356,0.001055880076004323
TO_1photon,8.0,0.0012328467394420659,0.0010586622815558222
TO_1photon,8.0,0.0013219411484660286,0.0010617822718053116
TO_1photon,8.0,0.0014174741629268048,0.0010649245842567767
TO_1photon,8.0,0.0015199110829529332,0.0010683650435781011
TO_1photon,8.0,0.0016297508346206436,0.0010721822036050543
TO_1photon,8.0,0.001747528400007683,0.0010763312162052063
TO_1photon,8.0,0.001873817422860383,0.001082544293623311
TO_1photon,8.0,0.002009233002565046,0.0010874098054917125
TO_1photon,8.0,0.0021544346900318843,0.0010904493543355542
TO_1photon,8.0,0.0023101297000831605,0.0010975890156479373
TO_1photon,8.0,0.0024770763559917113,0.0011037826901116876
TO_1photon,8.0,0.0026560877829466868,0.0011098287731239331
TO_1photon,8.0,0.002848035868435802,0.0011180064579078275
TO_1photon,8.0,0.0030538555088334154,0.0011242726122575597
TO_1photon,8.0,0.0032745491628777285,0.0011323796164566247
TO_1photon,8.0,0.003511191734215131,0.001141211051948754
TO_1photon,8.0,0.0037649358067924675,0.001149659621105803
TO_1photon,8.0,0.004037017258596558,0.001161377909532968
TO_1photon,8.0,0.004328761281083062,0.0011726623580725626
TO_1photon,8.0,0.004641588833612782,0.0011835534834084838
TO_1photon,8.0,0.004977023564332114,0.001196975937181488
TO_1photon,8.0,0.005336699231206312,0.0012115341912846134
TO_1photon,8.0,0.00572236765935022,0.0012273502680176795
TO_1photon,8.0,0.006135907273413176,0.0012443823438570423
TO_1photon,8.0,0.006579332246575682,0.0012651032142516616
TO_1photon,8.0,0.007054802310718645,0.001285447510839366
TO_1photon,8.0,0.007564633275546291,0.001308678068251301
TO_1photon,8.0,0.008111308307896872,0.0013306689552122775
TO_1photon,8.0,0.008697490026177835,0.0013575332564046416
TO_1photon,8.0,0.0093260334688322,0.0013871118093989887
TO_1photon,8.0,0.01,0.00141946512565172
TO_1photon,8.0,0.010722672220103232,0.0014548822176629894
TO_1photon,8.0,0.011497569953977356,0.0014939085874345892
TO_1photon,8.0,0.012328467394420659,0.00153692196492472
TO_1photon,8.0,0.013219411484660288,0.0015844191314109413
TO_1photon,8.0,0.014174741629268049,0.0016366318397280644
TO_1photon,8.0,0.01519911082952933,0.0016944642905440954
TO_1photon,8.0,0.01629750834620645,0.0017594609168153363
TO_1photon,8.0,0.01747528400007685,0.0018304765989437533
TO_1photon,8.0,0.018738174228603847,0.0019082664626580703
TO_1photon,8.0,0.02009233002565048,0.001994830080410015
TO_1photon,8.0,0.021544346900318846,0.00209161510424527
TO_1photon,8.0,0.023101297000831605,0.002199480352586991
TO_1photon,8.0,0.024770763559917114,0.0023192548535653223
TO_1photon,8.0,0.026560877829466867,0.002455633522448042
TO_1photon,8.0,0.02848035868435802,0.0026026732744791614
TO_1photon,8.0,0.030538555088334154,0.002771955265049475
TO_1photon,8.0,0.03274549162877728,0.0029575185334369536
TO_1photon,8.0,0.03511191734215131,0.003165355893599231
TO_1photon,8.0,0.037649358067924674,0.003401571329731734
TO_1photon,8.0,0.040370172585965536,0.0036633412761259976
TO_1photon,8.0,0.04328761281083057,0.003961816322123779
TO_1photon,8.0,0.04641588833612782,0.004294009775922647
TO_1photon,8.0,0.04977023564332114,0.004665785391486876
TO_1photon,8.0,0.05336699231206313,0.005088470419214786
TO_1photon,8.0,0.0572236765935022,0.005565433611963266
TO_1photon,8.0,0.061359072734131756,0.006103146170719942
TO_1photon,8.0,0.06579332246575682,0.0067145530902096295
TO_1photon,8.0,0.07054802310718646,0.007401956583321101
TO_1photon,8.0,0.07564633275546291,0.008179070065856053
TO_1photon,8.0,0.08111308307896872,0.009059109165954649
TO_1photon,8.0,0.08697490026177834,0.010055777339192273
TO_1photon,8.0,0.093260334688322,0.011187592434775406
TO_1photon,8.0,0.1,0.01247022547508092
TO_1photon,12.0,0.0001,0.0008027513241287698
TO_1photon,12.0,0.00010722672220103231,0.0008029630004197097
TO_1photon,12.0,0.00011497569953977356,0.0008032260376237277
TO_1photon,12.0,0.0001232846739442066,0.0008034638392758753
TO_1photon,12.0,0.00013219411484660288,0.0008037717447226811
TO_1photon,12.0,0.00014174741629268049,0.0008040529859401069
TO_1photon,12.0,0.0001519911082952933,0.0008043872267428087
TO_1photon,12.0,0.00016297508346206434,0.0008047485362500106
TO_1photon,12.0,0.0001747528400007683,0.0008063326956688766
TO_1photon,12.0,0.0001873817422860383,0.0008067273022198673
TO_1photon,12.0,0.00020092330025650479,0.00080715951250665
TO_1photon,12.0,0.00021544346900318845,0.0008076340210674271
TO_1photon,12.0,0.00023101297000831605,0.0008081554956986814
TO_1photon,12.0,0.0002477076355991711,0.0008086458744547276
TO_1photon,12.0,0.00026560877829466864,0.0008091207526669253
TO_1photon,12.0,0.0002848035868435802,0.0008097283968276914
TO_1photon,12.0,0.0003053855508833416,0.0008104021927153315
TO_1photon,12.0,0.00032745491628777284,0.0008111284963856491
TO_1photon,12.0,0.0003511191734215131,0.000811879124946957
TO_1photon,12.0,0.00037649358067924675,0.0008126768321577993
TO_1photon,12.0,0.0004037017258596554,0.0008135250782236314
TO_1photon,12.0,0.0004328761281083057,0.0008145833061633523
TO_1photon,12.0,0.0004641588833612782,0.0008155805767020574
TO_1photon,12.0,0.0004977023564332114,0.0008166934673572435
TO_1photon,12.0,0.0005336699231206312,0.0008178002664541717
TO_1photon,12.0,0.0005722367659350221,0.0008190704470240062
TO_1photon,12.0,0.0006135907273413176,0.0008204035996820513
TO_1photon,12.0,0.0006579332246575682,0.0008216649193324432
TO_1photon,12.0,0.0007054802310718645,0.000824228809079508
TO_1photon,12.0,0.000756463327554629,0.0008238366358234162
TO_1photon,12.0,0.0008111308307896872,0.0008256303028724155
TO_1photon,12.0,0.0008697490026177834,0.0008274710814982766
TO_1photon,12.0,0.0009326033468832199,0.000829590767807864
TO_1photon,12.0,0.001,0.0008318639796598415
TO_1photon,12.0,0.0010722672220103231,0.000834108519783161
TO_1photon,12.0,0.0011497569953977356,0.0008367672256518466
TO_1photon,12.0,0.0012328467394420659,0.0008395892810653116
TO_1photon,12.0,0.0013219411484660286,0.0008426504906688947
TO_1photon,12.0,0.0014174741629268048,0.0008458159934356946
TO_1photon,12.0,0.0015199110829529332,0.0008492394067983744
TO_1photon,12.0,0.0016297508346206436,0.0008530606517386241
TO_1photon,12.0,0.001747528400007683,0.0008571926000737751
TO_1photon,12.0,0.001873817422860383,0.0008633827602704258
TO_1photon,12.0,0.002009233002565046,0.0008682700856468273
TO_1photon,12.0,0.0021544346900318843,0.0008713111205096435
TO_1photon,12.0,0.0023101297000831605,0.0008784419473117921
TO_1photon,12.0,0.0024770763559917113,0.000884646866827099
TO_1photon,12.0,0.0026560877829466868,0.0008906443443685852
TO_1photon,12.0,0.002848035868435802,0.000898603012630228
TO_1photon,12.0,0.0030538555088334154,0.0009050950062892138
TO_1photon,12.0,0.0032745491628777285,0.0009131838006841697
TO_1photon,12.0,0.003511191734215131,0.0009220624854338055
TO_1photon,12.0,0.0037649358067924675,0.0009305056652071375
TO_1photon,12.0,0.004037017258596558,0.0009421905665614183
TO_1photon,12.0,0.004328761281083062,0.0009534843818674865
TO_1photon,12.0,0.004641588833612782,0.0009644136201025777
TO_1photon,12.0,0.004977023564332114,0.000977828637173106
TO_1photon,12.0,0.005336699231206312,0.0009923948859764664
TO_1photon,12.0,0.00572236765935022,0.0010082589858633195
TO_1photon,12.0,0.006135907273413176,0.0010252965109618373
TO_1photon,12.0,0.006579332246575682,0.0010460417107299724
TO_1photon,12.0,0.007054802310718645,0.0010664485678861801
TO_1photon,12.0,0.007564633275546291,0.0010896973642552377
TO_1photon,12.0,0.008111308307896872,0.0011117831345484053
TO_1photon,12.0,0.008697490026177835,0.0011386933138670674
TO_1photon,12.0,0.0093260334688322,0.0011683482249793542
TO_1photon,12.0,0.01,0.0012008145545815418
TO_1photon,12.0,0.010722672220103232,0.001236367874338562
TO_1photon,12.0,0.011497569953977356,0.0012755355511540056
TO_1photon,12.0,0.012328467394420659,0.0013186967015197393
TO_1photon,12.0,0.013219411484660288,0.0013663963038917926
TO_1photon,12.0,0.014174741629268049,0.0014188263065305629
TO_1photon,12.0,0.01519911082952933,0.0014769561898516637
TO_1photon,12.0,0.01629750834620645,0.0015422096230830462
TO_1photon,12.0,0.01747528400007685,0.0016136347126418649
TO_1photon,12.0,0.018738174228603847,0.0016918619540838842
TO_1photon,12.0,0.02009233002565048,0.0017789136907427894
TO_1photon,12.0,0.021544346900318846,0.0018762519601022154
TO_1photon,12.0,0.023101297000831605,0.0019847879230425747
TO_1photon,12.0,0.024770763559917114,0.002105305467798635
TO_1photon,12.0,0.026560877829466867,0.002242604255759617
TO_1photon,12.0,0.02848035868435802,0.0023906229488467323
TO_1photon,12.0,0.030538555088334154,0.0025610832465776667
TO_1photon,12.0,0.03274549162877728,0.00274798751806149
TO_1photon,12.0,0.03511191734215131,0.0029573484066419686
TO_1photon,12.0,0.037649358067924674,0.003195354258718308
TO_1photon,12.0,0.040370172585965536,0.0034591322517291134
TO_1photon,12.0,0.04328761281083057,0.003759903930072084
TO_1photon,12.0,0.04641588833612782,0.004094739380818502
TO_1photon,12.0,0.04977023564332114,0.004469496236777171
TO_1photon,12.0,0.05336699231206313,0.004895554052417039
TO_1photon,12.0,0.0572236765935022,0.005376377522893883
TO_1photon,12.0,0.061359072734131756,0.005918437487743677
TO_1photon,12.0,0.06579332246575682,0.00653473376099678
TO_1photon,12.0,0.07054802310718646,0.007227670069242298
TO_1photon,12.0,0.07564633275546291,0.008010991450363214
TO_1photon,12.0,0.08111308307896872,0.008897939553907275
TO_1photon,12.0,0.08697490026177834,0.009902346291716158
TO_1photon,12.0,0.093260334688322,0.011042711328068888
TO_1photon,12.0,0.1,0.01233482050932111
TO_1photon,16.0,0.0001,0.0006932071200949075
TO_1photon,16.0,0.00010722672220103231,0.0006934355773269285
TO_1photon,16.0,0.00011497569953977356,0.0006936714763595697
TO_1photon,16.0,0.0001232846739442066,0.0006939273339385821
TO_1photon,16.0,0.00013219411484660288,0.0006942105434077916
TO_1photon,16.0,0.00014174741629268049,0.0006945276619571006
TO_1photon,16.0,0.0001519911082952933,0.000694851992716905
TO_1photon,16.0,0.00016297508346206434,0.0006951820832666877
TO_1photon,16.0,0.0001747528400007683,0.0006967537875878227
TO_1photon,16.0,0.0001873817422860383,0.0006971728563311963
TO_1photon,16.0,0.00020092330025650479,0.0006976259150798247
TO_1photon,16.0,0.00021544346900318845,0.0006980820942198429
TO_1photon,16.0,0.00023101297000831605,0.0006986024430126747
TO_1photon,16.0,0.0002477076355991711,0.0006990863524778401
TO_1photon,16.0,0.00026560877829466864,0.0006995746885185561
TO_1photon,16.0,0.0002848035868435802,0.000700169249124305
TO_1photon,16.0,0.0003053855508833416,0.0007008663935649251
TO_1photon,16.0,0.00032745491628777284,0.0007015780654738846
TO_1photon,16.0,0.0003511191734215131,0.0007023261773536627
TO_1photon,16.0,0.00037649358067924675,0.0007031177967580238
TO_1photon,16.0,0.0004037017258596554,0.0007039669490286338
TO_1photon,16.0,0.0004328761281083057,0.0007050197291537108
TO_1photon,16.0,0.0004641588833612782,0.0007060266863924136
TO_1photon,16.0,0.0004977023564332114,0.0007071109266506559
TO_1photon,16.0,0.0005336699231206312,0.0007082438494074861
TO_1photon,16.0,0.0005722367659350221,0.0007094780336772688
TO_1photon,16.0,0.0006135907273413176,0.0007108158214885751
TO_1photon,16.0,0.0006579332246575682,0.0007120888822270688
TO_1photon,16.0,0.0007054802310718645,0.0007146180371926381
TO_1photon,16.0,0.000756463327554629,0.000714260630922614
TO_1photon,16.0,0.0008111308307896872,0.0007160419905860582
TO_1photon,16.0,0.0008697490026177834,0.000717859706086621
TO_1photon,16.0,0.0009326033468832199,0.0007199926782588406
TO_1photon,16.0,0.001,0.0007222910420902062
TO_1photon,16.0,0.0010722672220103231,0.0007245034259844019
TO_1photon,16.0,0.0011497569953977356,0.0007271753359048283
TO_1photon,16.0,0.0012328467394420659,0.0007299740282991074
TO_1photon,16.0,0.0013219411484660286,0.0007330229476292249
TO_1photon,16.0,0.0014174741629268048,0.000736179323310715
TO_1photon,16.0,0.0015199110829529332,0.0007396216674442346
TO_1photon,16.0,0.0016297508346206436,0.0007435318040167616
TO_1photon,16.0,0.001747528400007683,0.0007475667612750758
TO_1photon,16.0,0.001873817422860383,0.0007537746849648475
TO_1photon,16.0,0.002009233002565046,0.0007585951728484863
TO_1photon,16.0,0.0021544346900318843,0.0007616759850022081
TO_1photon,16.0,0.0023101297000831605,0.0007687883310185661
TO_1photon,16.0,0.0024770763559917113,0.000774999800579601
TO_1photon,16.0,0.0026560877829466868,0.0007810140576631763
TO_1photon,16.0,0.002848035868435802,0.0007876852504804521
TO_1photon,16.0,0.0030538555088334154,0.0007954557288303299
TO_1photon,16.0,0.0032745491628777285,0.0008035694413790484
TO_1photon,16.0,0.003511191734215131,0.000812418523741032
TO_1photon,16.0,0.0037649358067924675,0.0008208602937685994
TO_1photon,16.0,0.004037017258596558,0.0008325623981323416
TO_1photon,16.0,0.004328761281083062,0.000843892899431653
TO_1photon,16.0,0.004641588833612782,0.0008548043914026193
TO_1photon,16.0,0.004977023564332114,0.0008682494350507053
TO_1photon,16.0,0.005336699231206312,0.0008828394496065428
TO_1photon,16.0,0.00572236765935022,0.0008987452487579928
TO_1photon,16.0,0.006135907273413176,0.0009158105935148653
TO_1photon,16.0,0.006579332246575682,0.0009365988905885025
TO_1photon,16.0,0.007054802310718645,0.0009570443268070994
TO_1photon,16.0,0.007564633275546291,0.0009803811140524088
TO_1photon,16.0,0.008111308307896872,0.0010025860971564216
TO_1photon,16.0,0.008697490026177835,0.0010294972592024276
TO_1photon,16.0,0.0093260334688322,0.0010592482845631634
TO_1photon,16.0,0.01,0.0010918271334733332
TO_1photon,16.0,0.010722672220103232,0.0011275189155417475
TO_1photon,16.0,0.011497569953977356,0.0011668579632788667
TO_1photon,16.0,0.012328467394420659,0.0012101900964783807
TO_1photon,16.0,0.013219411484660288,0.001258130107000377
TO_1photon,16.0,0.014174741629268049,0.0013108239435336566
TO_1photon,16.0,0.01519911082952933,0.0013692630965069785
TO_1photon,16.0,0.01629750834620645,0.0014348611096127728
TO_1photon,16.0,0.01747528400007685,0.001506633214580222
TO_1photon,16.0,0.018738174228603847,0.0015853829185142887
TO_1photon,16.0,0.02009233002565048,0.0016729976434918248
TO_1photon,16.0,0.021544346900318846,0.0017709916465157294
TO_1photon,16.0,0.023101297000831605,0.001880264492352901
TO_1photon,16.0,0.024770763559917114,0.002001642670330095
TO_1photon,16.0,0.026560877829466867,0.002139912250552989
TO_1photon,16.0,0.02848035868435802,0.0022890523378449323
TO_1photon,16.0,0.030538555088334154,0.0024608100220666618
TO_1photon,16.0,0.03274549162877728,0.0026492215099540584
TO_1photon,16.0,0.03511191734215131,0.0028602856083432826
TO_1photon,16.0,0.037649358067924674,0.003100236717461624
TO_1photon,16.0,0.040370172585965536,0.003366238248173836
TO_1photon,16.0,0.04328761281083057,0.003669531020824679
TO_1photon,16.0,0.04641588833612782,0.00400728318693655
TO_1photon,16.0,0.04977023564332114,0.0043853332509334875
TO_1photon,16.0,0.05336699231206313,0.004815145511310237
TO_1photon,16.0,0.0572236765935022,0.005300220495534247
TO_1photon,16.0,0.061359072734131756,0.005847077831274472
TO_1photon,16.0,0.06579332246575682,0.006468845543546431
TO_1photon,16.0,0.07054802310718646,0.007167888619610707
TO_1photon,16.0,0.07564633275546291,0.007958104059189175
TO_1photon,16.0,0.08111308307896872,0.008852794585016754
TO_1photon,16.0,0.08697490026177834,0.009865819694885314
TO_1photon,16.0,0.093260334688322,0.011015838971032976
TO_1photon,16.0,0.1,0.012318635859466132
AR_1photon,2.0,0.0001,0.004607379132204326
AR_1photon,2.0,0.00010722672220103231,0.0046075195477478514
AR_1photon,2.0,0.00011497569953977356,0.004607505837071146
AR_1photon,2.0,0.0001232846739442066,0.004607489945520515
AR_1photon,2.0,0.00013219411484660288,0.00460745904217974
AR_1photon,2.0,0.00014174741629268049,0.004607465887408679
AR_1photon,2.0,0.0001519911082952933,0.004607431677625118
AR_1photon,2.0,0.00016297508346206434,0.004607410573161386
AR_1photon,2.0,0.0001747528400007683,0.004607410913076926
AR_1photon,2.0,0.0001873817422860383,0.0046074158652431585
AR_1photon,2.0,0.00020092330025650479,0.004607397037007743
AR_1photon,2.0,0.00021544346900318845,0.004607376260732932
AR_1photon,2.0,0.00023101297000831605,0.004607430645505284
AR_1photon,2.0,0.0002477076355991711,0.004607389882986257
AR_1photon,2.0,0.00026560877829466864,0.0046073687301696475
AR_1photon,2.0,0.0002848035868435802,0.004607359263473554
AR_1photon,2.0,0.0003053855508833416,0.004607337753369634
AR_1photon,2.0,0.00032745491628777284,0.004607306637487429
AR_1photon,2.0,0.0003511191734215131,0.004607291561005367
AR_1photon,2.0,0.00037649358067924675,0.0046072322763047735
AR_1photon,2.0,0.0004037017258596554,0.004607214017814387
AR_1photon,2.0,0.0004328761281083057,0.004607202151188372
AR_1photon,2.0,0.0004641588833612782,0.004607188780136107
AR_1photon,2.0,0.0004977023564332114,0.004607189031224146
AR_1photon,2.0,0.0005336699231206312,0.004607237568337363
AR_1photon,2.0,0.0005722367659350221,0.004607142499718719
AR_1photon,2.0,0.0006135907273413176,0.004607150167153962
AR_1photon,2.0,0.0006579332246575682,0.004607125684582325
AR_1photon,2.0,0.0007054802310718645,0.00460716554609808
AR_1photon,2.0,0.000756463327554629,0.004607183511361357
AR_1photon,2.0,0.0008111308307896872,0.004607182918600405
AR_1photon,2.0,0.0008697490026177834,0.004607295929972111
AR_1photon,2.0,0.0009326033468832199,0.004607322786430945
AR_1photon,2.0,0.001,0.004607167643551846
AR_1photon,2.0,0.0010722672220103231,0.004607212508505598
AR_1photon,2.0,0.0011497569953977356,0.004607195318908075
AR_1photon,2.0,0.0012328467394420659,0.004607147286229574
AR_1photon,2.0,0.0013219411484660286,0.00460699704490608
AR_1photon,2.0,0.0014174741629268048,0.004606966647666244
AR_1photon,2.0,0.0015199110829529332,0.0046069392349376015
AR_1photon,2.0,0.0016297508346206436,0.004607104216368785
AR_1photon,2.0,0.001747528400007683,0.004607101182718565
AR_1photon,2.0,0.001873817422860383,0.004606656155637268
AR_1photon,2.0,0.002009233002565046,0.004606811378375264
AR_1photon,2.0,0.0021544346900318843,0.004606870885983438
AR_1photon,2.0,0.0023101297000831605,0.004606678907962403
AR_1photon,2.0,0.0024770763559917113,0.004606076093279343
AR_1photon,2.0,0.0026560877829466868,0.004606042216920403
AR_1photon,2.0,0.002848035868435802,0.004606279643439626
AR_1photon,2.0,0.0030538555088334154,0.004605918418166599
AR_1photon,2.0,0.0032745491628777285,0.0046060290906873025
AR_1photon,2.0,0.003511191734215131,0.004605355118735721
AR_1photon,2.0,0.0037649358067924675,0.004605267180918471
AR_1photon,2.0,0.004037017258596558,0.004605226371564686
AR_1photon,2.0,0.004328761281083062,0.004605144275901085
AR_1photon,2.0,0.004641588833612782,0.004605085164953948
AR_1photon,2.0,0.004977023564332114,0.004605334973444175
AR_1photon,2.0,0.005336699231206312,0.0046051942076029695
AR_1photon,2.0,0.00572236765935022,0.004603522675860172
AR_1photon,2.0,0.006135907273413176,0.004604936313631014
AR_1photon,2.0,0.006579332246575682,0.004603921451853732
AR_1photon,2.0,0.007054802310718645,0.004603869758200041
AR_1photon,2.0,0.007564633275546291,0.004603781404381002
AR_1photon,2.0,0.008111308307896872,0.0046031419309748856
AR_1photon,2.0,0.008697490026177835,0.004603065266013062
AR_1photon,2.0,0.0093260334688322,0.004602710713217051
AR_1photon,2.0,0.01,0.0046035690382610905
AR_1photon,2.0,0.010722672220103232,0.004603602907848892
AR_1photon,2.0,0.011497569953977356,0.004603463855952117
AR_1photon,2.0,0.012328467394420659,0.004601897576875569
AR_1photon,2.0,0.013219411484660288,0.004601542932182956
AR_1photon,2.0,0.014174741629268049,0.004602845864776217
AR_1photon,2.0,0.01519911082952933,0.004602020812321084
AR_1photon,2.0,0.01629750834620645,0.004601662081647917
AR_1photon,2.0,0.01747528400007685,0.004601380716634074
AR_1photon,2.0,0.018738174228603847,0.004601009510980858
AR_1photon,2.0,0.02009233002565048,0.004600814009002585
AR_1photon,2.0,0.021544346900318846,0.004599678679205854
AR_1photon,2.0,0.023101297000831605,0.0046000176756664235
AR_1photon,2.0,0.024770763559917114,0.004599107634809196
AR_1photon,2.0,0.026560877829466867,0.00459924734211925
AR_1photon,2.0,0.02848035868435802,0.004598581092145948
AR_1photon,2.0,0.030538555088334154,0.004598901049815973
AR_1photon,2.0,0.03274549162877728,0.004598122387856951
AR_1photon,2.0,0.03511191734215131,0.004597823943177759
AR_1photon,2.0,0.037649358067924674,0.0045974534588222316
AR_1photon,2.0,0.040370172585965536,0.0045983808758766065
AR_1photon,2.0,0.04328761281083057,0.004601201289304524
AR_1photon,2.0,0.04641588833612782,0.004602385672380582
AR_1photon,2.0,0.04977023564332114,0.0046025328306762425
AR_1photon,2.0,0.05336699231206313,0.004605140868051194
AR_1photon,2.0,0.0572236765935022,0.004607373091019662
AR_1photon,2.0,0.061359072734131756,0.004612162363538674
AR_1photon,2.0,0.06579332246575682,0.004618972153081491
AR_1photon,2.0,0.07054802310718646,0.004627383769866933
AR_1photon,2.0,0.07564633275546291,0.004639076450713597
AR_1photon,2.0,0.08111308307896872,0.004655268700147097
AR_1photon,2.0,0.08697490026177834,0.004673697273360089
AR_1photon,2.0,0.093260334688322,0.0047023061783779685
AR_1photon,2.0,0.1,0.004741574108438229
AR_1photon,4.0,0.0001,0.0024880823763551163
AR_1photon,4.0,0.00010722672220103231,0.002488086399243805
AR_1photon,4.0,0.00011497569953977356,0.002488082899430033
AR_1photon,4.0,0.0001232846739442066,0.0024882240171436587
AR_1photon,4.0,0.00013219411484660288,0.002488205335423044
AR_1photon,4.0,0.00014174741629268049,0.0024881897241501028
AR_1photon,4.0,0.0001519911082952933,0.0024881512083336776
AR_1photon,4.0,0.00016297508346206434,0.0024881635034771366
AR_1photon,4.0,0.0001747528400007683,0.0024881506638650963
AR_1photon,4.0,0.0001873817422860383,0.0024881619338992245
AR_1photon,4.0,0.00020092330025650479,0.002488141213699002
AR_1photon,4.0,0.00021544346900318845,0.0024881198469545174
AR_1photon,4.0,0.00023101297000831605,0.002488083617620318
AR_1photon,4.0,0.0002477076355991711,0.002488057013689482
AR_1photon,4.0,0.00026560877829466864,0.0024880990393616464
AR_1photon,4.0,0.0002848035868435802,0.002488102641251988
AR_1photon,4.0,0.0003053855508833416,0.0024880838663102756
AR_1photon,4.0,0.00032745491628777284,0.00248806860732087
AR_1photon,4.0,0.0003511191734215131,0.002488058379222724
AR_1photon,4.0,0.00037649358067924675,0.0024879663284522735
AR_1photon,4.0,0.0004037017258596554,0.002487971570937497
AR_1photon,4.0,0.0004328761281083057,0.0024879290063168913
AR_1photon,4.0,0.0004641588833612782,0.0024879256350237577
AR_1photon,4.0,0.0004977023564332114,0.002488065657011096
AR_1photon,4.0,0.0005336699231206312,0.0024878829048610163
AR_1photon,4.0,0.0005722367659350221,0.0024878951975515484
AR_1photon,4.0,0.0006135907273413176,0.0024878981074243356
AR_1photon,4.0,0.0006579332246575682,0.0024878852071812396
AR_1photon,4.0,0.0007054802310718645,0.0024878670472219255
AR_1photon,4.0,0.000756463327554629,0.002487892304528616
AR_1photon,4.0,0.0008111308307896872,0.0024879551878185246
AR_1photon,4.0,0.0008697490026177834,0.002487974133143167
AR_1photon,4.0,0.0009326033468832199,0.0024880735868798576
AR_1photon,4.0,0.001,0.0024879664978434413
AR_1photon,4.0,0.0010722672220103231,0.002487946597917179
AR_1photon,4.0,0.0011497569953977356,0.0024879643350513847
AR_1photon,4.0,0.0012328467394420659,0.002487926877298041
AR_1photon,4.0,0.0013219411484660286,0.002487753485581057
AR_1photon,4.0,0.0014174741629268048,0.0024877211963473256
AR_1photon,4.0,0.0015199110829529332,0.0024877775665856916
AR_1photon,4.0,0.0016297508346206436,0.0024877498379003438
AR_1photon,4.0,0.001747528400007683,0.0024878555251994783
AR_1photon,4.0,0.001873817422860383,0.0024873860067806675
AR_1photon,4.0,0.002009233002565046,0.002487532824351213
AR_1photon,4.0,0.0021544346900318843,0.00248764375403554
AR_1photon,4.0,0.0023101297000831605,0.0024874579614490022
AR_1photon,4.0,0.0024770763559917113,0.00248692480860091
AR_1photon,4.0,0.0026560877829466868,0.0024868178905785854
AR_1photon,4.0,0.002848035868435802,0.002487002926338522
AR_1photon,4.0,0.0030538555088334154,0.0024866460552539493
AR_1photon,4.0,0.0032745491628777285,0.002486819644937799
AR_1photon,4.0,0.003511191734215131,0.00248615946387043
AR_1photon,4.0,0.0037649358067924675,0.0024860986291248555
AR_1photon,4.0,0.004037017258596558,0.002485998846603832
AR_1photon,4.0,0.004328761281083062,0.002485954258603318
AR_1photon,4.0,0.004641588833612782,0.0024858853027914796
AR_1photon,4.0,0.004977023564332114,0.002486122227762677
AR_1photon,4.0,0.005336699231206312,0.002486016359837584
AR_1photon,4.0,0.00572236765935022,0.002484299733403472
AR_1photon,4.0,0.006135907273413176,0.002485717755454142
AR_1photon,4.0,0.006579332246575682,0.002484697643249323
AR_1photon,4.0,0.007054802310718645,0.002484658040646126
AR_1photon,4.0,0.007564633275546291,0.00248454877399662
AR_1photon,4.0,0.008111308307896872,0.002483928001748348
AR_1photon,4.0,0.008697490026177835,0.002483781509832639
AR_1photon,4.0,0.0093260334688322,0.0024834888644947872
AR_1photon,4.0,0.01,0.002484392062736651
AR_1photon,4.0,0.010722672220103232,0.0024843889189889445
AR_1photon,4.0,0.011497569953977356,0.0024836967660089027
AR_1photon,4.0,0.012328467394420659,0.0024826586971735676
AR_1photon,4.0,0.013219411484660288,0.0024822081065237755
AR_1photon,4.0,0.014174741629268049,0.0024837126624331907
AR_1photon,4.0,0.01519911082952933,0.002482660413048343
AR_1photon,4.0,0.01629750834620645,0.0024824211184689693
AR_1photon,4.0,0.01747528400007685,0.0024820306690157556
AR_1photon,4.0,0.018738174228603847,0.0024818064325877742
AR_1photon,4.0,0.02009233002565048,0.0024807889618527756
AR_1photon,4.0,0.021544346900318846,0.0024802703621789046
AR_1photon,4.0,0.023101297000831605,0.00248030890007489
AR_1photon,4.0,0.024770763559917114,0.0024797267713871918
AR_1photon,4.0,0.026560877829466867,0.002479476188705365
AR_1photon,4.0,0.02848035868435802,0.0024787352876359803
AR_1photon,4.0,0.030538555088334154,0.002478876427013388
AR_1photon,4.0,0.03274549162877728,0.002477949902953136
AR_1photon,4.0,0.03511191734215131,0.0024772957281584684
AR_1photon,4.0,0.037649358067924674,0.0024766389262274036
AR_1photon,4.0,0.040370172585965536,0.0024771307382364105
AR_1photon,4.0,0.04328761281083057,0.0024795985103847062
AR_1photon,4.0,0.04641588833612782,0.0024799648779694206
AR_1photon,4.0,0.04977023564332114,0.0024792591285391907
AR_1photon,4.0,0.05336699231206313,0.002480809787896887
AR_1photon,4.0,0.0572236765935022,0.002481746142673269
AR_1photon,4.0,0.061359072734131756,0.002484924568244784
AR_1photon,4.0,0.06579332246575682,0.00248970793697334
AR_1photon,4.0,0.07054802310718646,0.0024956478629770684
AR_1photon,4.0,0.07564633275546291,0.0025042440057598814
AR_1photon,4.0,0.08111308307896872,0.002516643704101096
AR_1photon,4.0,0.08697490026177834,0.0025301579238058425
AR_1photon,4.0,0.093260334688322,0.0025530192899968496
AR_1photon,4.0,0.1,0.0025848427107065808
AR_1photon,8.0,0.0001,0.0014265487412603584
AR_1photon,8.0,0.00010722672220103231,0.0014264972296766931
AR_1photon,8.0,0.00011497569953977356,0.0014264816319167206
AR_1photon,8.0,0.0001232846739442066,0.001426442903963987
AR_1photon,8.0,0.00013219411484660288,0.001426597572605548
AR_1photon,8.0,0.00014174741629268049,0.0014266122698881611
AR_1photon,8.0,0.0001519911082952933,0.0014265721565067668
AR_1photon,8.0,0.00016297508346206434,0.0014265724295862148
AR_1photon,8.0,0.0001747528400007683,0.001426552168406925
AR_1photon,8.0,0.0001873817422860383,0.0014265575265016706
AR_1photon,8.0,0.00020092330025650479,0.0014265361325855874
AR_1photon,8.0,0.00021544346900318845,0.001426497706262464
AR_1photon,8.0,0.00023101297000831605,0.0014264808314093935
AR_1photon,8.0,0.0002477076355991711,0.0014264627966135146
AR_1photon,8.0,0.00026560877829466864,0.0014264266239569778
AR_1photon,8.0,0.0002848035868435802,0.0014264960260623738
AR_1photon,8.0,0.0003053855508833416,0.0014264788948977758
AR_1photon,8.0,0.00032745491628777284,0.0014264892296085296
AR_1photon,8.0,0.0003511191734215131,0.0014264425872152486
AR_1photon,8.0,0.00037649358067924675,0.0014263763376640703
AR_1photon,8.0,0.0004037017258596554,0.0014263322785182941
AR_1photon,8.0,0.0004328761281083057,0.0014264855234359386
AR_1photon,8.0,0.0004641588833612782,0.0014263038979512865
AR_1photon,8.0,0.0004977023564332114,0.0014262989186685227
AR_1photon,8.0,0.0005336699231206312,0.0014262859932265837
AR_1photon,8.0,0.0005722367659350221,0.0014262675044522943
AR_1photon,8.0,0.0006135907273413176,0.0014262763483006147
AR_1photon,8.0,0.0006579332246575682,0.0014262528825975673
AR_1photon,8.0,0.0007054802310718645,0.001426279585768242
AR_1photon,8.0,0.000756463327554629,0.0014262710364842945
AR_1photon,8.0,0.0008111308307896872,0.001426334197482837
AR_1photon,8.0,0.0008697490026177834,0.0014263318101289668
AR_1photon,8.0,0.0009326033468832199,0.0014264695247134807
AR_1photon,8.0,0.001,0.0014263391320498142
AR_1photon,8.0,0.0010722672220103231,0.0014263413032128414
AR_1photon,8.0,0.0011497569953977356,0.0014263861901789854
AR_1photon,8.0,0.0012328467394420659,0.001426365897819637
AR_1photon,8.0,0.0013219411484660286,0.0014261970229205723
AR_1photon,8.0,0.0014174741629268048,0.0014261265434559744
AR_1photon,8.0,0.0015199110829529332,0.0014261995733312327
AR_1photon,8.0,0.0016297508346206436,0.0014261743458507947
AR_1photon,8.0,0.001747528400007683,0.0014262607016669593
AR_1photon,8.0,0.001873817422860383,0.0014257782156884558
AR_1photon,8.0,0.002009233002565046,0.001425937641286401
AR_1photon,8.0,0.0021544346900318843,0.0014261185667762133
AR_1photon,8.0,0.0023101297000831605,0.0014258472730890315
AR_1photon,8.0,0.0024770763559917113,0.0014253435743490916
AR_1photon,8.0,0.0026560877829466868,0.0014252469199572682
AR_1photon,8.0,0.002848035868435802,0.0014254450383451855
AR_1photon,8.0,0.0030538555088334154,0.001425087600113506
AR_1photon,8.0,0.0032745491628777285,0.0014252684312111574
AR_1photon,8.0,0.003511191734215131,0.00142461164559049
AR_1photon,8.0,0.0037649358067924675,0.0014245545129628612
AR_1photon,8.0,0.004037017258596558,0.0014244790735410406
AR_1photon,8.0,0.004328761281083062,0.0014244301669709136
AR_1photon,8.0,0.004641588833612782,0.0014243632960492247
AR_1photon,8.0,0.004977023564332114,0.0014246358246924329
AR_1photon,8.0,0.005336699231206312,0.0014245109467729833
AR_1photon,8.0,0.00572236765935022,0.0014227975991665254
AR_1photon,8.0,0.006135907273413176,0.0014242618614721536
AR_1photon,8.0,0.006579332246575682,0.0014232490473733428
AR_1photon,8.0,0.007054802310718645,0.0014231808993504513
AR_1photon,8.0,0.007564633275546291,0.0014231494484696627
AR_1photon,8.0,0.008111308307896872,0.001422525462546842
AR_1photon,8.0,0.008697490026177835,0.0014224198425557555
AR_1photon,8.0,0.0093260334688322,0.001422074863608569
AR_1photon,8.0,0.01,0.0014230516496355206
AR_1photon,8.0,0.010722672220103232,0.0014230756423846413
AR_1photon,8.0,0.011497569953977356,0.0014224470140844492
AR_1photon,8.0,0.012328467394420659,0.0014214464091903967
AR_1photon,8.0,0.013219411484660288,0.0014209394192239433
AR_1photon,8.0,0.014174741629268049,0.0014225480185545702
AR_1photon,8.0,0.01519911082952933,0.0014215298212906236
AR_1photon,8.0,0.01629750834620645,0.0014213268382897715
AR_1photon,8.0,0.01747528400007685,0.001420969628151858
AR_1photon,8.0,0.018738174228603847,0.0014208077068876834
AR_1photon,8.0,0.02009233002565048,0.0014193748468519507
AR_1photon,8.0,0.021544346900318846,0.001420129183797303
AR_1photon,8.0,0.023101297000831605,0.0014193749832356328
AR_1photon,8.0,0.024770763559917114,0.0014187604476104676
AR_1photon,8.0,0.026560877829466867,0.0014185179645288537
AR_1photon,8.0,0.02848035868435802,0.00141837043832993
AR_1photon,8.0,0.030538555088334154,0.0014178387915793067
AR_1photon,8.0,0.03274549162877728,0.001416479681180971
AR_1photon,8.0,0.03511191734215131,0.0014159474252248838
AR_1photon,8.0,0.037649358067924674,0.0014149404880045013
AR_1photon,8.0,0.040370172585965536,0.0014150841880121723
AR_1photon,8.0,0.04328761281083057,0.0014168569865525837
AR_1photon,8.0,0.04641588833612782,0.0014166914617157467
AR_1photon,8.0,0.04977023564332114,0.001415044547837474
AR_1photon,8.0,0.05336699231206313,0.0014152878908780808
AR_1photon,8.0,0.0572236765935022,0.0014147197692371272
AR_1photon,8.0,0.061359072734131756,0.0014156975307801911
AR_1photon,8.0,0.06579332246575682,0.0014173902299153829
AR_1photon,8.0,0.07054802310718646,0.0014202190740227882
AR_1photon,8.0,0.07564633275546291,0.0014240500009994328
AR_1photon,8.0,0.08111308307896872,0.0014310695588670708
AR_1photon,8.0,0.08697490026177834,0.001436709538383929
AR_1photon,8.0,0.093260334688322,0.0014506296540686137
AR_1photon,8.0,0.1,0.0014708107983947283
AR_1photon,12.0,0.0001,0.0010723762019027028
AR_1photon,12.0,0.00010722672220103231,0.0010723137727447485
AR_1photon,12.0,0.00011497569953977356,0.0010722784212676695
AR_1photon,12.0,0.0001232846739442066,0.0010722941848498868
AR_1photon,12.0,0.00013219411484660288,0.0010724547871993062
AR_1photon,12.0,0.00014174741629268049,0.0010724340525088971
AR_1photon,12.0,0.0001519911082952933,0.0010723918621332595
AR_1photon,12.0,0.00016297508346206434,0.0010723997413220054
AR_1photon,12.0,0.0001747528400007683,0.001072416474735327
AR_1photon,12.0,0.0001873817422860383,0.0010723965250042378
AR_1photon,12.0,0.00020092330025650479,0.0010723750967774892
AR_1photon,12.0,0.00021544346900318845,0.0010723539344813515
AR_1photon,12.0,0.00023101297000831605,0.0010723219293879982
AR_1photon,12.0,0.0002477076355991711,0.0010723008086135355
AR_1photon,12.0,0.00026560877829466864,0.0010722791983860391
AR_1photon,12.0,0.0002848035868435802,0.0010723344898776466
AR_1photon,12.0,0.0003053855508833416,0.0010723093449541699
AR_1photon,12.0,0.00032745491628777284,0.0010723258325556762
AR_1photon,12.0,0.0003511191734215131,0.001072296568256359
AR_1photon,12.0,0.00037649358067924675,0.0010721894838015
AR_1photon,12.0,0.0004037017258596554,0.0010721745720301268
AR_1photon,12.0,0.0004328761281083057,0.0010721749625509647
AR_1photon,12.0,0.0004641588833612782,0.0010721695145515797
AR_1photon,12.0,0.0004977023564332114,0.0010721593279393593
AR_1photon,12.0,0.0005336699231206312,0.0010721469145522633
AR_1photon,12.0,0.0005722367659350221,0.00107213274118656
AR_1photon,12.0,0.0006135907273413176,0.001072268550216915
AR_1photon,12.0,0.0006579332246575682,0.0010721239987688813
AR_1photon,12.0,0.0007054802310718645,0.0010721088050034133
AR_1photon,12.0,0.000756463327554629,0.0010721309947588908
AR_1photon,12.0,0.0008111308307896872,0.0010721577691734652
AR_1photon,12.0,0.0008697490026177834,0.001072186092947347
AR_1photon,12.0,0.0009326033468832199,0.0010723133233735416
AR_1photon,12.0,0.001,0.0010721920297253051
AR_1photon,12.0,0.0010722672220103231,0.0010722099395704676
AR_1photon,12.0,0.0011497569953977356,0.0010722370244460322
AR_1photon,12.0,0.0012328467394420659,0.0010722180430594586
AR_1photon,12.0,0.0013219411484660286,0.0010720376100409323
AR_1photon,12.0,0.0014174741629268048,0.0010719832712370314
AR_1photon,12.0,0.0015199110829529332,0.0010720411523840179
AR_1photon,12.0,0.0016297508346206436,0.0010720248684242817
AR_1photon,12.0,0.001747528400007683,0.0010721097533775703
AR_1photon,12.0,0.001873817422860383,0.0010716531514259886
AR_1photon,12.0,0.002009233002565046,0.0010718433782460624
AR_1photon,12.0,0.0021544346900318843,0.0010719208674435654
AR_1photon,12.0,0.0023101297000831605,0.001071746675622931
AR_1photon,12.0,0.0024770763559917113,0.0010712422114697029
AR_1photon,12.0,0.0026560877829466868,0.0010711393113883583
AR_1photon,12.0,0.002848035868435802,0.0010713401128092936
AR_1photon,12.0,0.0030538555088334154,0.0010710078415933078
AR_1photon,12.0,0.0032745491628777285,0.001071183975570822
AR_1photon,12.0,0.003511191734215131,0.0010705298738203917
AR_1photon,12.0,0.0037649358067924675,0.00107047716251929
AR_1photon,12.0,0.004037017258596558,0.0010704126478368048
AR_1photon,12.0,0.004328761281083062,0.0010703822875473001
AR_1photon,12.0,0.004641588833612782,0.0010703352566973079
AR_1photon,12.0,0.004977023564332114,0.001070617814615038
AR_1photon,12.0,0.005336699231206312,0.0010704984862067723
AR_1photon,12.0,0.00572236765935022,0.0010688358144931298
AR_1photon,12.0,0.006135907273413176,0.0010702928364361153
AR_1photon,12.0,0.006579332246575682,0.0010693161757855396
AR_1photon,12.0,0.007054802310718645,0.001069318244089179
AR_1photon,12.0,0.007564633275546291,0.0010692899280128065
AR_1photon,12.0,0.008111308307896872,0.0010687532536421962
AR_1photon,12.0,0.008697490026177835,0.0010686014050954595
AR_1photon,12.0,0.0093260334688322,0.001068316894807575
AR_1photon,12.0,0.01,0.0010693877458913814
AR_1photon,12.0,0.010722672220103232,0.0010694778556165074
AR_1photon,12.0,0.011497569953977356,0.0010675015249155262
AR_1photon,12.0,0.012328467394420659,0.0010679614475244126
AR_1photon,12.0,0.013219411484660288,0.0010675463436001786
AR_1photon,12.0,0.014174741629268049,0.0010693644928614354
AR_1photon,12.0,0.01519911082952933,0.0010683524926017318
AR_1photon,12.0,0.01629750834620645,0.0010682592138879787
AR_1photon,12.0,0.01747528400007685,0.0010680536200755597
AR_1photon,12.0,0.018738174228603847,0.0010680089324056619
AR_1photon,12.0,0.02009233002565048,0.001066815236037355
AR_1photon,12.0,0.021544346900318846,0.0010670114237675277
AR_1photon,12.0,0.023101297000831605,0.0010671172019190989
AR_1photon,12.0,0.024770763559917114,0.0010667116385755238
AR_1photon,12.0,0.026560877829466867,0.0010666208555863976
AR_1photon,12.0,0.02848035868435802,0.0010666367527585319
AR_1photon,12.0,0.030538555088334154,0.0010659285583908273
AR_1photon,12.0,0.03274549162877728,0.0010662849702985921
AR_1photon,12.0,0.03511191734215131,0.0010648577199723341
AR_1photon,12.0,0.037649358067924674,0.001064079113663463
AR_1photon,12.0,0.040370172585965536,0.0010642424672799855
AR_1photon,12.0,0.04328761281083057,0.0010660672789554182
AR_1photon,12.0,0.04641588833612782,0.0010658509938580307
AR_1photon,12.0,0.04977023564332114,0.0010639972098812622
AR_1photon,12.0,0.05336699231206313,0.0010639796573921334
AR_1photon,12.0,0.0572236765935022,0.001062625662472838
AR_1photon,12.0,0.061359072734131756,0.00106267600477028
AR_1photon,12.0,0.06579332246575682,0.0010632818466090876
AR_1photon,12.0,0.07054802310718646,0.0010642058744376737
AR_1photon,12.0,0.07564633275546291,0.001064992595064873
AR_1photon,12.0,0.08111308307896872,0.0010684422746722877
AR_1photon,12.0,0.08697490026177834,0.001069106097687178
AR_1photon,12.0,0.093260334688322,0.0010773368303775843
AR_1photon,12.0,0.1,0.0010880829952554238
AR_1photon,16.0,0.0001,0.0008952436848781442
AR_1photon,16.0,0.00010722672220103231,0.000895189499052429
AR_1photon,16.0,0.00011497569953977356,0.000895185511407437
AR_1photon,16.0,0.0001232846739442066,0.0008951493971642854
AR_1photon,16.0,0.00013219411484660288,0.0008951493736889526
AR_1photon,16.0,0.00014174741629268049,0.000895285641053567
AR_1photon,16.0,0.0001519911082952933,0.0008952756739901702
AR_1photon,16.0,0.00016297508346206434,0.0008952607188400519
AR_1photon,16.0,0.0001747528400007683,0.0008952806367564792
AR_1photon,16.0,0.0001873817422860383,0.0008952606432788279
AR_1photon,16.0,0.00020092330025650479,0.0008952211177037928
AR_1photon,16.0,0.00021544346900318845,0.0008952182673613862
AR_1photon,16.0,0.00023101297000831605,0.0008951992436226908
AR_1photon,16.0,0.0002477076355991711,0.0008951578487405021
AR_1photon,16.0,0.00026560877829466864,0.0008951260356140356
AR_1photon,16.0,0.0002848035868435802,0.0008951758904998108
AR_1photon,16.0,0.0003053855508833416,0.0008951618137804651
AR_1photon,16.0,0.00032745491628777284,0.0008951904702493296
AR_1photon,16.0,0.0003511191734215131,0.0008951328594377639
AR_1photon,16.0,0.00037649358067924675,0.0008950511553948992
AR_1photon,16.0,0.0004037017258596554,0.0008952055490534239
AR_1photon,16.0,0.0004328761281083057,0.0008950463038447376
AR_1photon,16.0,0.0004641588833612782,0.0008950381012321484
AR_1photon,16.0,0.0004977023564332114,0.0008950275729000534
AR_1photon,16.0,0.0005336699231206312,0.0008950094246301665
AR_1photon,16.0,0.0005722367659350221,0.0008950026552254631
AR_1photon,16.0,0.0006135907273413176,0.0008951377712074216
AR_1photon,16.0,0.0006579332246575682,0.0008949683602013092
AR_1photon,16.0,0.0007054802310718645,0.0008949657319727855
AR_1photon,16.0,0.000756463327554629,0.0008949812504671639
AR_1photon,16.0,0.0008111308307896872,0.0008950488095329501
AR_1photon,16.0,0.0008697490026177834,0.0008950437754546847
AR_1photon,16.0,0.0009326033468832199,0.0008951735287620055
AR_1photon,16.0,0.001,0.0008950570394498092
AR_1photon,16.0,0.0010722672220103231,0.0008950710160542386
AR_1photon,16.0,0.0011497569953977356,0.0008951164341304274
AR_1photon,16.0,0.0012328467394420659,0.0008950657245010429
AR_1photon,16.0,0.0013219411484660286,0.0008949315005127856
AR_1photon,16.0,0.0014174741629268048,0.0008948707269714751
AR_1photon,16.0,0.0015199110829529332,0.0008949322994105113
AR_1photon,16.0,0.0016297508346206436,0.0008949325607368053
AR_1photon,16.0,0.001747528400007683,0.0008950025547568297
AR_1photon,16.0,0.001873817422860383,0.0008945444625682031
AR_1photon,16.0,0.002009233002565046,0.0008947535039849353
AR_1photon,16.0,0.0021544346900318843,0.0008948152380816587
AR_1photon,16.0,0.0023101297000831605,0.0008947248375806849
AR_1photon,16.0,0.0024770763559917113,0.0008941666911488344
AR_1photon,16.0,0.0026560877829466868,0.0008940614117529666
AR_1photon,16.0,0.002848035868435802,0.0008943091062980635
AR_1photon,16.0,0.0030538555088334154,0.0008939753412779972
AR_1photon,16.0,0.0032745491628777285,0.0008941268972105787
AR_1photon,16.0,0.003511191734215131,0.0008934989749123101
AR_1photon,16.0,0.0037649358067924675,0.0008934724550159201
AR_1photon,16.0,0.004037017258596558,0.0008934205051546185
AR_1photon,16.0,0.004328761281083062,0.0008933865169736821
AR_1photon,16.0,0.004641588833612782,0.0008933739274508135
AR_1photon,16.0,0.004977023564332114,0.0008936781196076105
AR_1photon,16.0,0.005336699231206312,0.0008919216974175859
AR_1photon,16.0,0.00572236765935022,0.0008919763881996001
AR_1photon,16.0,0.006135907273413176,0.0008934339109104572
AR_1photon,16.0,0.006579332246575682,0.0008925260815453306
AR_1photon,16.0,0.007054802310718645,0.0008925584042104306
AR_1photon,16.0,0.007564633275546291,0.0008925808231314836
AR_1photon,16.0,0.008111308307896872,0.0008921163150588107
AR_1photon,16.0,0.008697490026177835,0.0008918134290722968
AR_1photon,16.0,0.0093260334688322,0.0008917952777034444
AR_1photon,16.0,0.01,0.0008929497023592026
AR_1photon,16.0,0.010722672220103232,0.0008931442513139265
AR_1photon,16.0,0.011497569953977356,0.0008912946073056371
AR_1photon,16.0,0.012328467394420659,0.000891872282024031
AR_1photon,16.0,0.013219411484660288,0.0008915469066345105
AR_1photon,16.0,0.014174741629268049,0.0008935384626116427
AR_1photon,16.0,0.01519911082952933,0.000892706961113543
AR_1photon,16.0,0.01629750834620645,0.0008928204810045859
AR_1photon,16.0,0.01747528400007685,0.0008927914208920473
AR_1photon,16.0,0.018738174228603847,0.0008930891593567081
AR_1photon,16.0,0.02009233002565048,0.0008920552472386767
AR_1photon,16.0,0.021544346900318846,0.0008926275778985415
AR_1photon,16.0,0.023101297000831605,0.0008930346229337749
AR_1photon,16.0,0.024770763559917114,0.0008929667048306333
AR_1photon,16.0,0.026560877829466867,0.0008933028203071958
AR_1photon,16.0,0.02848035868435802,0.0008938341250429582
AR_1photon,16.0,0.030538555088334154,0.0008935064047579377
AR_1photon,16.0,0.03274549162877728,0.0008938295294611542
AR_1photon,16.0,0.03511191734215131,0.0008933571664789808
AR_1photon,16.0,0.037649358067924674,0.0008932645514295734
AR_1photon,16.0,0.040370172585965536,0.0008939558435614448
AR_1photon,16.0,0.04328761281083057,0.0008965076470193178
AR_1photon,16.0,0.04641588833612782,0.0008967978627171247
AR_1photon,16.0,0.04977023564332114,0.0008954959738679547
AR_1photon,16.0,0.05336699231206313,0.0008960077793084276
AR_1photon,16.0,0.0572236765935022,0.0008950192035077631
AR_1photon,16.0,0.061359072734131756,0.0008952331917064793
AR_1photon,16.0,0.06579332246575682,0.0008956061552920502
AR_1photon,16.0,0.07054802310718646,0.0008961584915009313
AR_1photon,16.0,0.07564633275546291,0.0008959223820030893
AR_1photon,16.0,0.08111308307896872,0.0008976616519016378
AR_1photon,16.0,0.08697490026177834,0.000895519712172721
AR_1photon,16.0,0.093260334688322,0.0008998988865077662
AR_1photon,16.0,0.1,0.0009052496370306473
