candidate_id,origin,status,reasons,survival_at_objective,survived_count,mean_final_excitation_alive,objective_total
ml_0000,manual_anchor,ok,,0.984375,63,0.06185225629086514,0.9808381810987662
ml_0001,lhs_increments,ok,,0.0625,4,0.019382869927106916,0.06059813378344693
ml_0002,lhs_increments,ok,,0.0,0,,-0.05082877055772612
ml_0003,lhs_increments,invalid,ML 样条出现负深度（物理非法）,,,,
ml_0004,lhs_increments,ok,,0.0,0,,-0.05047191640351231
ml_0005,lhs_increments,ok,,0.203125,13,0.10013079159943228,0.19712457702055708
ml_0006,lhs_increments,ok,,0.0,0,,-0.05048524654039159
ml_0007,lhs_increments,ok,,0.0,0,,-0.051441531278793466
ml_0008,lhs_increments,ok,,0.0,0,,-0.050531901473244274
ml_0009,lhs_increments,ok,,0.03125,2,0.16182836821897906,0.022522370590698317
ml_0010,lhs_increments,ok,,0.0,0,,-0.0505741108121159
ml_0011,lhs_increments,ok,,0.0625,4,0.3186593828560885,0.04607411423034025
ml_0012,lhs_increments,invalid,ML 样条出现负深度（物理非法）,,,,
ml_0013,lhs_increments,ok,,0.0,0,,-0.05076806465188746
ml_0014,lhs_increments,ok,,0.0,0,,-0.05068455994778055
ml_0015,lhs_increments,ok,,0.0,0,,-0.05062818329238718
ml_0016,lhs_increments,ok,,0.0,0,,-0.05092715661175567
ml_0017,lhs_increments,ok,,0.0,0,,-0.05033726848755816
ml_0018,lhs_increments,ok,,0.6875,44,0.12706260691559595,0.6805401942265062
ml_0019,lhs_increments,ok,,0.625,40,0.11450720621043349,0.6185702689647568
ml_0020,lhs_increments,ok,,0.0,0,,-0.050469012296178895
ml_0021,lhs_increments,ok,,0.0,0,,-0.05103992670165691
ml_0022,lhs_increments,ok,,0.0,0,,-0.05072376575350717
ml_0023,lhs_increments,ok,,0.0,0,,-0.05062953338452822
ml_0024,lhs_increments,ok,,0.0,0,,-0.0503880559092274
ml_0025,lhs_increments,ok,,0.0,0,,-0.05110079204771631
ml_0026,lhs_increments,ok,,0.0,0,,-0.050678402951941336
ml_0027,lhs_increments,ok,,0.0,0,,-0.050782100355961604
ml_0028,lhs_increments,ok,,0.0,0,,-0.05095993891388837
ml_0029,lhs_increments,ok,,0.0,0,,-0.05055749549276117
ml_0030,lhs_increments,invalid,ML 样条出现负深度（物理非法）,,,,
ml_0031,lhs_increments,invalid,ML 样条出现负深度（物理非法）,,,,
ml_0032,lhs_increments,ok,,0.0,0,,-0.05060174296386556
ml_0033,lhs_increments,ok,,0.046875,3,0.23327345761286056,0.034514388292254665
ml_0034,lhs_increments,ok,,0.0,0,,-0.05041434411913378
ml_0035,lhs_increments,invalid,ML 样条出现负深度（物理非法）,,,,
ml_0036,lhs_increments,invalid,ML 样条出现负深度（物理非法）,,,,
ml_0037,lhs_increments,ok,,0.0625,4,0.19330618696391974,0.05240182102959763
ml_0038,lhs_increments,ok,,0.046875,3,0.12671915794991773,0.039935262914106796
ml_0039,lhs_increments,ok,,0.328125,21,0.19429774461707416,0.3177619424292961
ml_0040,lhs_increments,invalid,ML 样条出现负深度（物理非法）,,,,
ml_0041,lhs_increments,ok,,0.0,0,,-0.050547307140390976
ml_0042,lhs_increments,ok,,0.015625,1,0.6144650337517092,-0.01581188919762905
ml_0043,lhs_increments,invalid,ML 样条出现负深度（物理非法）,,,,
ml_0044,lhs_increments,ok,,0.125,8,0.2970450575716697,0.10961457732259058
ml_0045,lhs_increments,ok,,0.0,0,,-0.050307701199866925
ml_0046,lhs_increments,ok,,0.0,0,,-0.0506911314421833
ml_0047,lhs_increments,ok,,0.953125,61,0.07822528705453703,0.9483766995774141
ml_0048,lhs_increments,ok,,0.03125,2,0.22931042572745802,0.019154381178461764
ml_0049,lhs_increments,ok,,0.734375,47,0.09655973168680503,0.7292083571874232
ml_0050,lhs_increments,ok,,0.265625,17,0.24307205096986617,0.25283613778251884
ml_0051,lhs_increments,ok,,0.0,0,,-0.050435606645252117
ml_0052,lhs_increments,ok,,0.0,0,,-0.05036750232379673
ml_0053,lhs_increments,ok,,0.0,0,,-0.05048847687475163
ml_0054,lhs_increments,ok,,0.28125,18,0.07129556356494691,0.2773181911303732
ml_0055,lhs_increments,invalid,ML 样条出现负深度（物理非法）,,,,
ml_0056,lhs_increments,ok,,0.0,0,,-0.051572779907701594
ml_0057,lhs_increments,ok,,0.03125,2,0.04558428171577089,0.02845594140755845
ml_0058,lhs_increments,ok,,0.0,0,,-0.05066606804180885
ml_0059,lhs_increments,ok,,0.1875,12,0.37763098026706055,0.1683935572491298
ml_0060,lhs_increments,ok,,0.03125,2,0.5922245194617176,0.0011801672736895272
ml_0061,lhs_increments,ok,,0.0,0,,-0.05063983452529437
ml_0062,lhs_increments,ok,,0.046875,3,0.03949825635925375,0.04406560809137685
ml_0063,lhs_increments,ok,,0.0,0,,-0.05059079213951641
ml_refine_0_0,refine_of_ml_0000,invalid,ML 样条中心过冲超过容差; ML 样条深度过冲超过容差; ML 样条出现负深度（物理非法）,,,,
ml_refine_0_1,refine_of_ml_0000,invalid,ML 样条中心过冲超过容差; ML 样条深度过冲超过容差,,,,
ml_refine_0_2,refine_of_ml_0000,invalid,ML 样条中心过冲超过容差; ML 样条深度过冲超过容差; ML 样条出现负深度（物理非法）,,,,
ml_refine_0_3,refine_of_ml_0000,invalid,ML 样条中心过冲超过容差; ML 样条深度过冲超过容差; ML 样条出现负深度（物理非法）,,,,
ml_refine_1_0,refine_of_ml_0047,ok,,0.34375,22,0.11209382890339953,0.3361930569231781
ml_refine_1_1,refine_of_ml_0047,invalid,ML 样条中心过冲超过容差,,,,
ml_refine_1_2,refine_of_ml_0047,ok,,0.0,0,,-0.05200992357155894
ml_refine_1_3,refine_of_ml_0047,ok,,0.0,0,,-0.05233907421279324
ml_refine_2_0,refine_of_ml_0049,ok,,0.0,0,,-0.05101626278165139
ml_refine_2_1,refine_of_ml_0049,invalid,ML 样条深度过冲超过容差; ML 样条出现负深度（物理非法）,,,,
ml_refine_2_2,refine_of_ml_0049,invalid,ML 样条出现负深度（物理非法）,,,,
ml_refine_2_3,refine_of_ml_0049,invalid,ML 样条深度过冲超过容差; ML 样条出现负深度（物理非法）,,,,
ml_refine_3_0,refine_of_ml_0018,invalid,ML 样条出现负深度（物理非法）,,,,
ml_refine_3_1,refine_of_ml_0018,invalid,ML 样条中心过冲超过容差,,,,
ml_refine_3_2,refine_of_ml_0018,ok,,0.0,0,,-0.0522169938772418
ml_refine_3_3,refine_of_ml_0018,ok,,0.0,0,,-0.051327318696188576
